{
	"name": "Prefab",
	"layers": [
		{
			"name": "Layer 0",
			"overriden": 0,
			"subLayers": [],
			"instances": [
				{
					"type": "swingL",
					"properties": {
						"initially-visible": true,
						"initial-animation": "Animation 1",
						"initial-frame": 0,
						"enable-collisions": true,
						"live-preview": false
					},
					"uid": 29,
					"sid": 291869197698525,
					"tags": "",
					"instanceVariables": {},
					"behaviors": {},
					"instanceFolderItem": {
						"sid": 291869197698525,
						"expanded": true
					},
					"showing": true,
					"locked": false,
					"world": {
						"x": 157,
						"y": 115,
						"width": 243,
						"height": 122,
						"originX": 0.5185185185185185,
						"originY": 0.2459016393442623,
						"color": [
							1,
							1,
							1,
							1
						],
						"angle": 0,
						"zElevation": 0
					}
				},
				{
					"type": "Damage",
					"properties": {
						"initially-visible": true,
						"initial-animation": "Animation 1",
						"initial-frame": 0,
						"enable-collisions": true,
						"live-preview": false
					},
					"uid": 30,
					"sid": 398980974244335,
					"tags": "",
					"instanceVariables": {},
					"behaviors": {
						"Pin": {
							"properties": {
								"destroy": false
							}
						}
					},
					"instanceFolderItem": {
						"sid": 398980974244335,
						"expanded": true
					},
					"showing": true,
					"locked": false,
					"world": {
						"x": 514,
						"y": 179,
						"width": 250,
						"height": 250,
						"originX": 0.5,
						"originY": 0.5,
						"color": [
							1,
							1,
							1,
							1
						],
						"angle": 0,
						"zElevation": 0
					}
				},
				{
					"type": "gun",
					"properties": {
						"initially-visible": true,
						"initial-animation": "bullet-pew-pew",
						"initial-frame": 0,
						"enable-collisions": true,
						"live-preview": false
					},
					"uid": 31,
					"sid": 832695585842895,
					"tags": "",
					"instanceVariables": {},
					"behaviors": {
						"Bullet": {
							"properties": {
								"speed": 400,
								"acceleration": 0,
								"gravity": 0,
								"bounce-off-solids": false,
								"set-angle": true,
								"step": false,
								"enabled": true
							}
						}
					},
					"instanceFolderItem": {
						"sid": 832695585842895,
						"expanded": true
					},
					"showing": true,
					"locked": false,
					"world": {
						"x": 234.30455653278932,
						"y": 928.6119884193037,
						"width": 32,
						"height": 32,
						"originX": 0.5,
						"originY": 0.5,
						"color": [
							1,
							1,
							1,
							1
						],
						"angle": 0,
						"zElevation": 0
					}
				},
				{
					"type": "flyspawn",
					"properties": {
						"initially-visible": true,
						"initial-animation": "Animation 1",
						"initial-frame": 0,
						"enable-collisions": true,
						"live-preview": false
					},
					"uid": 32,
					"sid": 736572140222968,
					"tags": "",
					"instanceVariables": {},
					"behaviors": {},
					"instanceFolderItem": {
						"sid": 736572140222968,
						"expanded": true
					},
					"showing": true,
					"locked": false,
					"world": {
						"x": 1118,
						"y": 193,
						"width": 64,
						"height": 64,
						"originX": 0.5,
						"originY": 0.5,
						"color": [
							1,
							1,
							1,
							1
						],
						"angle": 0,
						"zElevation": 0
					}
				},
				{
					"type": "DPgunR",
					"properties": {
						"initially-visible": true,
						"initial-animation": "Animation 1",
						"initial-frame": 0,
						"enable-collisions": true,
						"live-preview": false
					},
					"uid": 33,
					"sid": 457813468706648,
					"tags": "",
					"instanceVariables": {},
					"behaviors": {
						"Bullet": {
							"properties": {
								"speed": 1500,
								"acceleration": 0,
								"gravity": 0,
								"bounce-off-solids": false,
								"set-angle": true,
								"step": false,
								"enabled": true
							}
						}
					},
					"instanceFolderItem": {
						"sid": 457813468706648,
						"expanded": true
					},
					"showing": true,
					"locked": false,
					"world": {
						"x": 1415,
						"y": 209,
						"width": 250,
						"height": 250,
						"originX": 0.5,
						"originY": 0.5,
						"color": [
							1,
							1,
							1,
							1
						],
						"angle": 0,
						"zElevation": 0
					}
				},
				{
					"type": "DPgunL",
					"properties": {
						"initially-visible": true,
						"initial-animation": "Animation 1",
						"initial-frame": 0,
						"enable-collisions": true,
						"live-preview": false
					},
					"uid": 34,
					"sid": 459398474828020,
					"tags": "",
					"instanceVariables": {},
					"behaviors": {
						"Bullet": {
							"properties": {
								"speed": 1500,
								"acceleration": 0,
								"gravity": 0,
								"bounce-off-solids": false,
								"set-angle": true,
								"step": false,
								"enabled": true
							}
						}
					},
					"instanceFolderItem": {
						"sid": 459398474828020,
						"expanded": true
					},
					"showing": true,
					"locked": false,
					"world": {
						"x": 1725,
						"y": 226,
						"width": 250,
						"height": 250,
						"originX": 0.5,
						"originY": 0.5,
						"color": [
							1,
							1,
							1,
							1
						],
						"angle": 3.141592653589793,
						"zElevation": 0
					}
				},
				{
					"type": "upswing",
					"properties": {
						"initially-visible": true,
						"initial-animation": "Animation 1",
						"initial-frame": 0,
						"enable-collisions": true,
						"live-preview": false
					},
					"uid": 45,
					"sid": 117009633816287,
					"tags": "",
					"instanceVariables": {},
					"behaviors": {},
					"instanceFolderItem": {
						"sid": 117009633816287,
						"expanded": true
					},
					"showing": true,
					"locked": false,
					"world": {
						"x": 165,
						"y": 444,
						"width": 250,
						"height": 250,
						"originX": 0.5,
						"originY": 0.5,
						"color": [
							1,
							1,
							1,
							1
						],
						"angle": 0,
						"zElevation": 0
					}
				},
				{
					"type": "Ddark",
					"properties": {
						"initially-visible": true,
						"initial-animation": "Animation 1",
						"initial-frame": 0,
						"enable-collisions": true,
						"live-preview": false
					},
					"uid": 46,
					"sid": 249347327471467,
					"tags": "",
					"instanceVariables": {},
					"behaviors": {
						"Pin": {
							"properties": {
								"destroy": false
							}
						}
					},
					"instanceFolderItem": {
						"sid": 249347327471467,
						"expanded": true
					},
					"showing": true,
					"locked": false,
					"world": {
						"x": 502,
						"y": 461,
						"width": 250,
						"height": 250,
						"originX": 0.5,
						"originY": 0.5,
						"color": [
							1,
							1,
							1,
							1
						],
						"angle": 0,
						"zElevation": 0
					}
				},
				{
					"type": "DP",
					"properties": {
						"initially-visible": true,
						"initial-animation": "dp-jump",
						"initial-frame": 0,
						"enable-collisions": true,
						"live-preview": false
					},
					"uid": 70,
					"sid": 420410407608885,
					"tags": "",
					"instanceVariables": {},
					"behaviors": {
						"Platform": {
							"properties": {
								"max-speed": 800,
								"acceleration": 800,
								"deceleration": 9999999999,
								"jump-strength": 650,
								"gravity": 1500,
								"max-fall-speed": 1000,
								"double-jump": true,
								"jump-sustain": 0,
								"default-controls": true,
								"enabled": true
							}
						},
						"ScrollTo": {
							"properties": {
								"enabled": true
							}
						},
						"Bullet": {
							"properties": {
								"speed": 1000,
								"acceleration": 0,
								"gravity": 0,
								"bounce-off-solids": false,
								"set-angle": false,
								"step": false,
								"enabled": false
							}
						},
						"BoundToLayout": {
							"properties": {
								"bound-by": "edge"
							}
						},
						"Timer": {
							"properties": {}
						}
					},
					"instanceFolderItem": {
						"sid": 420410407608885,
						"expanded": true
					},
					"showing": true,
					"locked": false,
					"world": {
						"x": 162,
						"y": 927,
						"width": 44,
						"height": 65,
						"originX": 0.6590909090909091,
						"originY": 0.9384615384615385,
						"color": [
							1,
							1,
							1,
							1
						],
						"angle": 0,
						"zElevation": 0
					}
				},
				{
					"type": "flyguy",
					"properties": {
						"initially-visible": true,
						"initial-animation": "vuelo-flyer",
						"initial-frame": 0,
						"enable-collisions": true,
						"live-preview": false
					},
					"uid": 262,
					"sid": 438175142764172,
					"tags": "",
					"instanceVariables": {},
					"behaviors": {
						"LineOfSight": {
							"properties": {
								"obstacles": "solids",
								"range": 2000,
								"cone-of-view": 360,
								"use-collision-cells": true
							}
						},
						"Bullet": {
							"properties": {
								"speed": 800,
								"acceleration": 0,
								"gravity": 0,
								"bounce-off-solids": false,
								"set-angle": false,
								"step": false,
								"enabled": false
							}
						},
						"Temporizador": {
							"properties": {}
						}
					},
					"instanceFolderItem": {
						"sid": 438175142764172,
						"expanded": true
					},
					"showing": true,
					"locked": false,
					"world": {
						"x": 254,
						"y": 880,
						"width": 31.999999999999996,
						"height": 32,
						"originX": 0.6176593086214077,
						"originY": 0.413196322336398,
						"color": [
							1,
							1,
							1,
							1
						],
						"angle": 0,
						"zElevation": 0
					}
				},
				{
					"type": "ShootyLilGuy",
					"properties": {
						"initially-visible": true,
						"initial-animation": "disparo",
						"initial-frame": 0,
						"enable-collisions": true,
						"live-preview": false
					},
					"uid": 264,
					"sid": 768296331672084,
					"tags": "",
					"instanceVariables": {},
					"behaviors": {
						"LineOfSight": {
							"properties": {
								"obstacles": "solids",
								"range": 500,
								"cone-of-view": 360,
								"use-collision-cells": true
							}
						},
						"Platform": {
							"properties": {
								"max-speed": 330,
								"acceleration": 1500,
								"deceleration": 1500,
								"jump-strength": 650,
								"gravity": 1500,
								"max-fall-speed": 1000,
								"double-jump": false,
								"jump-sustain": 0,
								"default-controls": false,
								"enabled": true
							}
						}
					},
					"instanceFolderItem": {
						"sid": 768296331672084,
						"expanded": true
					},
					"showing": true,
					"locked": false,
					"world": {
						"x": 365.58565193632404,
						"y": 944.0813871925837,
						"width": 73,
						"height": 89,
						"originX": 0.5068493150684932,
						"originY": 0.9325842696629213,
						"color": [
							1,
							1,
							1,
							1
						],
						"angle": 0,
						"zElevation": 0
					}
				},
				{
					"type": "Side_enemy",
					"properties": {
						"initially-visible": true,
						"initial-animation": "andar",
						"initial-frame": 0,
						"enable-collisions": true,
						"live-preview": false
					},
					"uid": 265,
					"sid": 229866877240523,
					"tags": "",
					"instanceVariables": {},
					"behaviors": {
						"Platform": {
							"properties": {
								"max-speed": 330,
								"acceleration": 1500,
								"deceleration": 1500,
								"jump-strength": 650,
								"gravity": 1500,
								"max-fall-speed": 1000,
								"double-jump": false,
								"jump-sustain": 0,
								"default-controls": false,
								"enabled": true
							}
						}
					},
					"instanceFolderItem": {
						"sid": 229866877240523,
						"expanded": true
					},
					"showing": true,
					"locked": false,
					"world": {
						"x": 461.793442598707,
						"y": 960.5621151984633,
						"width": 45,
						"height": 90,
						"originX": 0.4444444444444444,
						"originY": 0.41354642313546414,
						"color": [
							1,
							1,
							1,
							1
						],
						"angle": 0,
						"zElevation": 0
					}
				},
				{
					"type": "spike",
					"properties": {
						"left-margin": 0,
						"right-margin": 0,
						"top-margin": 0,
						"bottom-margin": 0,
						"edges": "tile",
						"fill": "tile",
						"image-scale-x": 1,
						"image-scale-y": 1,
						"initially-visible": true,
						"origin": "top-left",
						"seams": "overlap"
					},
					"uid": 266,
					"sid": 670098055016214,
					"tags": "",
					"instanceVariables": {},
					"behaviors": {
						"Solid": {
							"properties": {
								"enabled": true,
								"tags": ""
							}
						}
					},
					"instanceFolderItem": {
						"sid": 670098055016214,
						"expanded": true
					},
					"showing": true,
					"locked": false,
					"world": {
						"x": 900,
						"y": 515,
						"width": 438,
						"height": 76,
						"originX": 0,
						"originY": 0,
						"color": [
							1,
							1,
							1,
							1
						],
						"angle": 0,
						"zElevation": 0
					}
				},
				{
					"type": "spikeguy",
					"properties": {
						"initially-visible": true,
						"initial-animation": "walk-spike",
						"initial-frame": 0,
						"enable-collisions": true,
						"live-preview": false
					},
					"uid": 267,
					"sid": 379014982321931,
					"tags": "",
					"instanceVariables": {},
					"behaviors": {
						"Platform": {
							"properties": {
								"max-speed": 330,
								"acceleration": 1500,
								"deceleration": 1500,
								"jump-strength": 650,
								"gravity": 1500,
								"max-fall-speed": 1000,
								"double-jump": false,
								"jump-sustain": 0,
								"default-controls": false,
								"enabled": true
							}
						}
					},
					"instanceFolderItem": {
						"sid": 379014982321931,
						"expanded": true
					},
					"showing": true,
					"locked": false,
					"world": {
						"x": 339.16122254914785,
						"y": 847.8051610554431,
						"width": 90,
						"height": 90,
						"originX": 0.5,
						"originY": 0.5,
						"color": [
							1,
							1,
							1,
							1
						],
						"angle": 0,
						"zElevation": 0
					}
				},
				{
					"type": "Test_floor",
					"properties": {
						"initially-visible": true,
						"initial-animation": "Animation 1",
						"initial-frame": 0,
						"enable-collisions": true,
						"live-preview": false
					},
					"uid": 57,
					"sid": 923088644583728,
					"tags": "",
					"instanceVariables": {},
					"behaviors": {
						"Solid": {
							"properties": {
								"enabled": true,
								"tags": ""
							}
						}
					},
					"instanceFolderItem": {
						"sid": 923088644583728,
						"expanded": true
					},
					"showing": true,
					"locked": false,
					"world": {
						"x": 1087.718595599823,
						"y": 869.5288533936073,
						"width": 250,
						"height": 250,
						"originX": 0.5,
						"originY": 0.5,
						"color": [
							1,
							1,
							1,
							1
						],
						"angle": 0,
						"zElevation": 0
					}
				},
				{
					"type": "9patchSuelo",
					"properties": {
						"left-margin": 7,
						"right-margin": 7,
						"top-margin": 7,
						"bottom-margin": 7,
						"edges": "tile",
						"fill": "tile",
						"image-scale-x": 1,
						"image-scale-y": 1,
						"initially-visible": true,
						"origin": "top-left",
						"seams": "overlap"
					},
					"uid": 78,
					"sid": 528404531352343,
					"tags": "",
					"instanceVariables": {},
					"behaviors": {},
					"instanceFolderItem": {
						"sid": 528404531352343,
						"expanded": true
					},
					"showing": true,
					"locked": false,
					"world": {
						"x": 593.4470816926544,
						"y": 745.4288161170182,
						"width": 179.48958579714758,
						"height": 156.31789023117324,
						"originX": 0,
						"originY": 0,
						"color": [
							1,
							1,
							1,
							1
						],
						"angle": 0,
						"zElevation": 0
					}
				},
				{
					"type": "columnaMovil",
					"properties": {
						"initially-visible": true,
						"initial-animation": "Animation 1",
						"initial-frame": 0,
						"enable-collisions": true,
						"live-preview": false
					},
					"uid": 80,
					"sid": 766841426385140,
					"tags": "",
					"instanceVariables": {
						"Y_onTop": 0,
						"Y_onBottom": 0,
						"DuracionMovimiento": 2.5,
						"TiempoEspera": 0.5,
						"MoverPx_Y": 0,
						"StartY": 0,
						"TargetY": 0
					},
					"behaviors": {
						"Tween": {
							"properties": {
								"enabled": true
							}
						},
						"Sólido": {
							"properties": {
								"enabled": true,
								"tags": ""
							}
						}
					},
					"sceneGraphData": {
						"parent-uid": null,
						"uid": 80,
						"children": [
							{
								"uid": 82,
								"flags": {
									"x": true,
									"y": true,
									"z": true,
									"w": true,
									"h": true,
									"a": true,
									"o": false,
									"v": false,
									"d": true,
									"sm": "normal"
								}
							}
						],
						"flags": {
							"x": true,
							"y": true,
							"z": true,
							"w": true,
							"h": true,
							"a": true,
							"o": false,
							"v": false,
							"d": true,
							"sm": "normal"
						},
						"preview": {
							"transformX": 0,
							"transformY": 0,
							"transformZElevation": 0,
							"transformW": 0,
							"transformH": 0,
							"transformA": 0,
							"transformSX": 0,
							"transformSY": 0,
							"transformO": 0,
							"previewSceneGraph": false
						}
					},
					"instanceFolderItem": {
						"sid": 766841426385140,
						"expanded": true
					},
					"showing": true,
					"locked": false,
					"world": {
						"x": 815,
						"y": 839,
						"width": 45,
						"height": 194,
						"originX": 0.5269135802469135,
						"originY": 0.9798500468603561,
						"color": [
							1,
							1,
							1,
							1
						],
						"angle": 0,
						"zElevation": 0
					}
				},
				{
					"type": "pinchosColumna",
					"properties": {
						"initially-visible": true,
						"initial-animation": "Animation 1",
						"initial-frame": 0,
						"enable-collisions": true,
						"live-preview": false
					},
					"uid": 82,
					"sid": 150083790779911,
					"tags": "",
					"instanceVariables": {},
					"behaviors": {},
					"sceneGraphData": {
						"parent-uid": 80,
						"uid": 82,
						"flags": {
							"x": true,
							"y": true,
							"z": true,
							"w": true,
							"h": true,
							"a": true,
							"o": false,
							"v": false,
							"d": true,
							"sm": "normal"
						},
						"preview": {
							"transformX": 0,
							"transformY": 0,
							"transformZElevation": 0,
							"transformW": 0,
							"transformH": 0,
							"transformA": 0,
							"transformSX": 0,
							"transformSY": 0,
							"transformO": 0,
							"previewSceneGraph": false
						}
					},
					"instanceFolderItem": {
						"sid": 150083790779911,
						"expanded": true
					},
					"showing": true,
					"locked": false,
					"world": {
						"x": 816.3457575371345,
						"y": 625.8950286371257,
						"width": 45,
						"height": 15,
						"originX": 0.5111111111111111,
						"originY": -0.5789473684210527,
						"color": [
							1,
							1,
							1,
							1
						],
						"angle": 0,
						"zElevation": 0
					}
				}
			],
			"sid": 684875047151495,
			"effectTypes": [],
			"isInitiallyVisible": true,
			"isInitiallyInteractive": true,
			"isHTMLElementsLayer": false,
			"color": [
				1,
				1,
				1,
				1
			],
			"backgroundColor": [
				0.3686274509803922,
				0.3686274509803922,
				0.3686274509803922,
				1
			],
			"isTransparent": false,
			"parallaxX": 1,
			"parallaxY": 1,
			"scaleRate": 1,
			"forceOwnTexture": false,
			"renderingMode": "3d",
			"drawOrder": "z-order",
			"useRenderCells": false,
			"blendMode": "normal",
			"zElevation": 0,
			"global": false
		}
	],
	"scene-graphs-folder-root": {
		"items": [],
		"subfolders": []
	},
	"sid": 742763712587532,
	"nonworld-instances": [],
	"effectTypes": [],
	"width": 3840,
	"height": 2160,
	"unboundedScrolling": false,
	"vpX": 0.5,
	"vpY": 0.5,
	"projection": "perspective",
	"eventSheet": null
}