{
	"name": "Omnicode",
	"events": [
		{
			"eventType": "include",
			"includeSheet": "Test2ES"
		},
		{
			"eventType": "variable",
			"name": "Jumpcount",
			"type": "number",
			"initialValue": "0",
			"comment": "",
			"isStatic": false,
			"isConstant": false,
			"sid": 363919266741081
		},
		{
			"eventType": "variable",
			"name": "DPHP",
			"type": "number",
			"initialValue": "5",
			"comment": "The players HP",
			"isStatic": false,
			"isConstant": false,
			"sid": 522708351193272
		},
		{
			"eventType": "variable",
			"name": "IsDash",
			"type": "boolean",
			"initialValue": "false",
			"comment": "",
			"isStatic": false,
			"isConstant": false,
			"sid": 923018724700376
		},
		{
			"eventType": "group",
			"disabled": false,
			"title": "DP",
			"description": "",
			"isActiveOnStart": true,
			"children": [
				{
					"functionName": "Damage",
					"functionDescription": "recibir daño",
					"functionCategory": "",
					"functionReturnType": "none",
					"functionCopyPicked": false,
					"functionIsAsync": false,
					"functionParameters": [],
					"eventType": "function-block",
					"conditions": [
						{
							"id": "is-timer-running",
							"objectClass": "DP",
							"sid": 897736946139670,
							"behaviorType": "Timer",
							"parameters": {
								"tag": "\"frames\""
							},
							"isInverted": true
						}
					],
					"actions": [
						{
							"id": "set-eventvar-value",
							"objectClass": "System",
							"sid": 566927033529663,
							"parameters": {
								"variable": "DPHP",
								"value": "DPHP-1"
							}
						},
						{
							"id": "start-timer",
							"objectClass": "DP",
							"sid": 875512465475986,
							"behaviorType": "Timer",
							"parameters": {
								"duration": "3",
								"type": "once",
								"tag": "\"frames\""
							}
						}
					],
					"sid": 512136009895569
				},
				{
					"eventType": "variable",
					"name": "CanDash",
					"type": "boolean",
					"initialValue": "true",
					"comment": "",
					"isStatic": false,
					"isConstant": false,
					"sid": 863287528117920
				},
				{
					"eventType": "variable",
					"name": "CanDjump",
					"type": "boolean",
					"initialValue": "true",
					"comment": "",
					"isStatic": false,
					"isConstant": false,
					"sid": 799708732163376
				},
				{
					"eventType": "variable",
					"name": "CanGun",
					"type": "boolean",
					"initialValue": "true",
					"comment": "",
					"isStatic": false,
					"isConstant": false,
					"sid": 653977885014717
				},
				{
					"eventType": "group",
					"disabled": false,
					"title": "Controls",
					"description": "",
					"isActiveOnStart": true,
					"children": [
						{
							"eventType": "block",
							"conditions": [
								{
									"id": "on-key-pressed",
									"objectClass": "Keyboard",
									"sid": 935503828575323,
									"parameters": {
										"key": 39
									}
								}
							],
							"actions": [
								{
									"id": "set-mirrored",
									"objectClass": "DP",
									"sid": 423051784146009,
									"parameters": {
										"state": "not-mirrored"
									}
								},
								{
									"id": "set-mirrored",
									"objectClass": "swingL",
									"sid": 639619448281774,
									"parameters": {
										"state": "not-mirrored"
									}
								}
							],
							"sid": 311440265733003
						},
						{
							"eventType": "block",
							"conditions": [
								{
									"id": "on-key-pressed",
									"objectClass": "Keyboard",
									"sid": 617826369389837,
									"parameters": {
										"key": 37
									}
								}
							],
							"actions": [
								{
									"id": "set-mirrored",
									"objectClass": "DP",
									"sid": 557261807206857,
									"parameters": {
										"state": "mirrored"
									}
								}
							],
							"sid": 870236208920001
						},
						{
							"eventType": "block",
							"conditions": [
								{
									"id": "on-key-pressed",
									"objectClass": "Keyboard",
									"sid": 887542005879849,
									"parameters": {
										"key": 38
									}
								}
							],
							"actions": [
								{
									"id": "add-to-eventvar",
									"objectClass": "System",
									"sid": 185984519637860,
									"parameters": {
										"variable": "Jumpcount",
										"value": "1"
									}
								}
							],
							"sid": 292480921420315
						},
						{
							"eventType": "block",
							"conditions": [
								{
									"id": "on-key-pressed",
									"objectClass": "Keyboard",
									"sid": 581405086843189,
									"parameters": {
										"key": 32
									}
								},
								{
									"id": "is-timer-running",
									"objectClass": "DP",
									"sid": 537667618247645,
									"behaviorType": "Timer",
									"parameters": {
										"tag": "\"atk\""
									},
									"isInverted": true
								}
							],
							"actions": [
								{
									"id": "start-timer",
									"objectClass": "DP",
									"sid": 400297573976947,
									"behaviorType": "Timer",
									"parameters": {
										"duration": "0.3",
										"type": "once",
										"tag": "\"duration\""
									}
								},
								{
									"id": "start-timer",
									"objectClass": "DP",
									"sid": 395242457049959,
									"behaviorType": "Timer",
									"parameters": {
										"duration": "0.5",
										"type": "once",
										"tag": "\"atk\""
									}
								}
							],
							"sid": 950004642661557,
							"children": [
								{
									"eventType": "block",
									"conditions": [
										{
											"id": "key-is-down",
											"objectClass": "Keyboard",
											"sid": 576998497692354,
											"parameters": {
												"key": 38
											}
										}
									],
									"actions": [
										{
											"id": "spawn-another-object",
											"objectClass": "DP",
											"sid": 596653434040168,
											"parameters": {
												"object": "upswing",
												"layer": "0",
												"image-point": "2",
												"create-hierarchy": false,
												"template-name": "\"\""
											}
										}
									],
									"sid": 848204045183649
								},
								{
									"eventType": "block",
									"conditions": [
										{
											"id": "key-is-down",
											"objectClass": "Keyboard",
											"sid": 817806968497824,
											"parameters": {
												"key": 40
											}
										}
									],
									"actions": [],
									"sid": 287281355064440,
									"children": [
										{
											"eventType": "block",
											"conditions": [
												{
													"id": "compare-two-values",
													"objectClass": "System",
													"sid": 458750149120038,
													"parameters": {
														"first-value": "Jumpcount",
														"comparison": 5,
														"second-value": "2"
													}
												},
												{
													"id": "compare-boolean-eventvar",
													"objectClass": "System",
													"sid": 555368990976306,
													"parameters": {
														"variable": "CanDjump"
													}
												}
											],
											"actions": [
												{
													"id": "set-gravity",
													"objectClass": "DP",
													"sid": 964686736499384,
													"behaviorType": "Platform",
													"parameters": {
														"gravity": "6000"
													}
												},
												{
													"id": "set-max-fall-speed",
													"objectClass": "DP",
													"sid": 812835714501407,
													"behaviorType": "Platform",
													"parameters": {
														"max-fall-speed": "6000"
													}
												},
												{
													"id": "spawn-another-object",
													"objectClass": "DP",
													"sid": 610203314358214,
													"parameters": {
														"object": "Ddark",
														"layer": "0",
														"image-point": "0",
														"create-hierarchy": false,
														"template-name": "\"\""
													}
												},
												{
													"id": "pin-to-object-properties",
													"objectClass": "Ddark",
													"sid": 875248603274716,
													"behaviorType": "Pin",
													"parameters": {
														"pin-to": "DP",
														"x": true,
														"y": true,
														"angle": true,
														"width-type": "no",
														"height-type": "no",
														"z": false
													}
												}
											],
											"sid": 146029416875223
										},
										{
											"eventType": "block",
											"conditions": [
												{
													"id": "else",
													"objectClass": "System",
													"sid": 289224704198215
												}
											],
											"actions": [
												{
													"id": "spawn-another-object",
													"objectClass": "DP",
													"sid": 303586951441164,
													"parameters": {
														"object": "downswing",
														"layer": "0",
														"image-point": "3",
														"create-hierarchy": false,
														"template-name": "\"\""
													}
												}
											],
											"sid": 412866266883293
										}
									]
								},
								{
									"eventType": "block",
									"conditions": [
										{
											"id": "key-is-down",
											"objectClass": "Keyboard",
											"sid": 668139682894139,
											"parameters": {
												"key": 39
											}
										}
									],
									"actions": [
										{
											"id": "spawn-another-object",
											"objectClass": "DP",
											"sid": 876031058029165,
											"parameters": {
												"object": "swingL",
												"layer": "0",
												"image-point": "1",
												"create-hierarchy": false,
												"template-name": "\"\""
											}
										}
									],
									"sid": 431005366558542
								},
								{
									"eventType": "block",
									"conditions": [
										{
											"id": "key-is-down",
											"objectClass": "Keyboard",
											"sid": 805741451882691,
											"parameters": {
												"key": 37
											}
										}
									],
									"actions": [
										{
											"id": "spawn-another-object",
											"objectClass": "DP",
											"sid": 556788095267933,
											"parameters": {
												"object": "SwingR",
												"layer": "0",
												"image-point": "1",
												"create-hierarchy": false,
												"template-name": "\"\""
											}
										}
									],
									"sid": 662904545103158
								},
								{
									"eventType": "block",
									"conditions": [
										{
											"id": "key-is-down",
											"objectClass": "Keyboard",
											"sid": 224079453560136,
											"parameters": {
												"key": 37
											},
											"isInverted": true
										},
										{
											"id": "key-is-down",
											"objectClass": "Keyboard",
											"sid": 951947034283303,
											"parameters": {
												"key": 39
											},
											"isInverted": true
										},
										{
											"id": "key-is-down",
											"objectClass": "Keyboard",
											"sid": 772926288567537,
											"parameters": {
												"key": 38
											},
											"isInverted": true
										},
										{
											"id": "key-is-down",
											"objectClass": "Keyboard",
											"sid": 312718188260730,
											"parameters": {
												"key": 40
											},
											"isInverted": true
										},
										{
											"id": "is-mirrored",
											"objectClass": "DP",
											"sid": 453024911659874,
											"isInverted": true
										}
									],
									"actions": [
										{
											"id": "spawn-another-object",
											"objectClass": "DP",
											"sid": 931586246094731,
											"parameters": {
												"object": "swingL",
												"layer": "0",
												"image-point": "1",
												"create-hierarchy": false,
												"template-name": "\"\""
											}
										}
									],
									"sid": 223108924028408
								},
								{
									"eventType": "block",
									"conditions": [
										{
											"id": "key-is-down",
											"objectClass": "Keyboard",
											"sid": 863348771913943,
											"parameters": {
												"key": 37
											},
											"isInverted": true
										},
										{
											"id": "key-is-down",
											"objectClass": "Keyboard",
											"sid": 785191612624725,
											"parameters": {
												"key": 39
											},
											"isInverted": true
										},
										{
											"id": "key-is-down",
											"objectClass": "Keyboard",
											"sid": 728223305462372,
											"parameters": {
												"key": 38
											},
											"isInverted": true
										},
										{
											"id": "key-is-down",
											"objectClass": "Keyboard",
											"sid": 210329044620600,
											"parameters": {
												"key": 40
											},
											"isInverted": true
										},
										{
											"id": "is-mirrored",
											"objectClass": "DP",
											"sid": 247815842523041
										}
									],
									"actions": [
										{
											"id": "spawn-another-object",
											"objectClass": "DP",
											"sid": 574892972327991,
											"parameters": {
												"object": "SwingR",
												"layer": "0",
												"image-point": "1",
												"create-hierarchy": false,
												"template-name": "\"\""
											}
										}
									],
									"sid": 402919340826799
								}
							]
						},
						{
							"eventType": "block",
							"conditions": [
								{
									"id": "on-key-pressed",
									"objectClass": "Keyboard",
									"sid": 283324046568979,
									"parameters": {
										"key": 81
									}
								},
								{
									"id": "compare-boolean-eventvar",
									"objectClass": "System",
									"sid": 763241623464985,
									"parameters": {
										"variable": "CanGun"
									}
								},
								{
									"id": "is-timer-running",
									"objectClass": "DP",
									"sid": 505681755548739,
									"behaviorType": "Timer",
									"parameters": {
										"tag": "\"rngatk\""
									},
									"isInverted": true
								}
							],
							"actions": [
								{
									"id": "start-timer",
									"objectClass": "DP",
									"sid": 687051358412533,
									"behaviorType": "Timer",
									"parameters": {
										"duration": "4",
										"type": "once",
										"tag": "\"rngatk\""
									}
								},
								{
									"id": "start-timer",
									"objectClass": "DP",
									"sid": 528064948633577,
									"behaviorType": "Timer",
									"parameters": {
										"duration": "1.0",
										"type": "once",
										"tag": "\"rngdur\""
									}
								}
							],
							"sid": 975704616595349,
							"children": [
								{
									"eventType": "block",
									"conditions": [
										{
											"id": "is-mirrored",
											"objectClass": "DP",
											"sid": 706904647195832,
											"isInverted": true
										}
									],
									"actions": [
										{
											"id": "spawn-another-object",
											"objectClass": "DP",
											"sid": 473570254925847,
											"parameters": {
												"object": "DPgunR",
												"layer": "0",
												"image-point": "0",
												"create-hierarchy": false,
												"template-name": "\"\""
											}
										}
									],
									"sid": 824950706001006
								},
								{
									"eventType": "block",
									"conditions": [
										{
											"id": "is-mirrored",
											"objectClass": "DP",
											"sid": 497391453094490
										}
									],
									"actions": [
										{
											"id": "spawn-another-object",
											"objectClass": "DP",
											"sid": 304428239081446,
											"parameters": {
												"object": "DPgunL",
												"layer": "0",
												"image-point": "0",
												"create-hierarchy": false,
												"template-name": "\"\""
											}
										},
										{
											"id": "rotate-clockwise",
											"objectClass": "DPgunL",
											"sid": 540100404338236,
											"parameters": {
												"degrees": "180"
											}
										}
									],
									"sid": 720686487646719
								}
							]
						},
						{
							"eventType": "block",
							"conditions": [
								{
									"id": "on-key-released",
									"objectClass": "Keyboard",
									"sid": 607031720665728,
									"parameters": {
										"key": 69
									}
								},
								{
									"id": "compare-boolean-eventvar",
									"objectClass": "System",
									"sid": 749027285911014,
									"parameters": {
										"variable": "CanDash"
									}
								},
								{
									"id": "is-timer-running",
									"objectClass": "DP",
									"sid": 151720382006802,
									"behaviorType": "Timer",
									"parameters": {
										"tag": "\"Dash\""
									},
									"isInverted": true
								},
								{
									"id": "is-timer-running",
									"objectClass": "DP",
									"sid": 554593107663212,
									"behaviorType": "Timer",
									"parameters": {
										"tag": "\"Diddash\""
									},
									"isInverted": true
								},
								{
									"id": "is-timer-running",
									"objectClass": "DP",
									"sid": 791305362712460,
									"behaviorType": "Timer",
									"parameters": {
										"tag": "\"HasDashed\""
									},
									"isInverted": true
								}
							],
							"actions": [
								{
									"id": "set-enabled",
									"objectClass": "DP",
									"sid": 248850227206001,
									"behaviorType": "Bullet",
									"parameters": {
										"state": "enabled"
									}
								},
								{
									"id": "set-max-fall-speed",
									"objectClass": "DP",
									"sid": 524436231426644,
									"behaviorType": "Platform",
									"parameters": {
										"max-fall-speed": "1"
									}
								},
								{
									"id": "start-timer",
									"objectClass": "DP",
									"sid": 297442818113188,
									"behaviorType": "Timer",
									"parameters": {
										"duration": "0.5",
										"type": "once",
										"tag": "\"Dash\""
									}
								},
								{
									"id": "start-timer",
									"objectClass": "DP",
									"sid": 411424314038909,
									"behaviorType": "Timer",
									"parameters": {
										"duration": "1",
										"type": "once",
										"tag": "\"Diddash\""
									}
								},
								{
									"id": "start-timer",
									"objectClass": "DP",
									"sid": 753228490695706,
									"behaviorType": "Timer",
									"parameters": {
										"duration": "999999999",
										"type": "once",
										"tag": "\"HasDashed\""
									}
								}
							],
							"sid": 466812144111636,
							"children": [
								{
									"eventType": "block",
									"conditions": [
										{
											"id": "is-mirrored",
											"objectClass": "DP",
											"sid": 312565703669595
										}
									],
									"actions": [
										{
											"id": "set-angle-of-motion",
											"objectClass": "DP",
											"sid": 447008703286989,
											"behaviorType": "Bullet",
											"parameters": {
												"angle": "180"
											}
										}
									],
									"sid": 465196568703415
								},
								{
									"eventType": "block",
									"conditions": [
										{
											"id": "else",
											"objectClass": "System",
											"sid": 625798843553280
										}
									],
									"actions": [
										{
											"id": "set-angle-of-motion",
											"objectClass": "DP",
											"sid": 727658023692506,
											"behaviorType": "Bullet",
											"parameters": {
												"angle": "0"
											}
										}
									],
									"sid": 794465510303269
								}
							]
						},
						{
							"eventType": "block",
							"conditions": [
								{
									"id": "on-timer",
									"objectClass": "DP",
									"sid": 805799124698451,
									"behaviorType": "Timer",
									"parameters": {
										"tag": "\"Dash\""
									}
								}
							],
							"actions": [
								{
									"id": "set-max-fall-speed",
									"objectClass": "DP",
									"sid": 226050279537624,
									"behaviorType": "Platform",
									"parameters": {
										"max-fall-speed": "1000"
									}
								},
								{
									"id": "set-enabled",
									"objectClass": "DP",
									"sid": 131012205805045,
									"behaviorType": "Bullet",
									"parameters": {
										"state": "disabled"
									}
								}
							],
							"sid": 813751522689385
						}
					],
					"sid": 649799119680848
				},
				{
					"eventType": "block",
					"conditions": [
						{
							"id": "on-collision-with-another-object",
							"objectClass": "swingnotimer",
							"sid": 683395123384259,
							"parameters": {
								"object": "Baddies"
							}
						}
					],
					"actions": [
						{
							"id": "destroy",
							"objectClass": "Baddies",
							"sid": 586575891567220
						}
					],
					"sid": 851246963994126
				},
				{
					"eventType": "block",
					"conditions": [
						{
							"id": "on-collision-with-another-object",
							"objectClass": "Dpguns",
							"sid": 801248002505854,
							"parameters": {
								"object": "Baddies"
							}
						}
					],
					"actions": [
						{
							"id": "destroy",
							"objectClass": "Baddies",
							"sid": 245484335652603
						}
					],
					"sid": 678859422139907
				},
				{
					"eventType": "block",
					"conditions": [
						{
							"id": "on-start-of-layout",
							"objectClass": "System",
							"sid": 431651272178301
						},
						{
							"id": "compare-boolean-eventvar",
							"objectClass": "System",
							"sid": 854571826215033,
							"parameters": {
								"variable": "CanDjump"
							},
							"isInverted": true
						}
					],
					"actions": [
						{
							"id": "set-double-jump",
							"objectClass": "DP",
							"sid": 227458367851678,
							"behaviorType": "Platform",
							"parameters": {
								"state": "disabled"
							}
						}
					],
					"sid": 957004036983069
				},
				{
					"eventType": "block",
					"conditions": [
						{
							"id": "compare-two-values",
							"objectClass": "System",
							"sid": 766976392615322,
							"parameters": {
								"first-value": "DPHP",
								"comparison": 3,
								"second-value": "0"
							}
						}
					],
					"actions": [
						{
							"id": "restart-layout",
							"objectClass": "System",
							"sid": 168458733164013
						}
					],
					"sid": 509660608564961
				},
				{
					"eventType": "block",
					"conditions": [
						{
							"id": "on-collision-with-another-object",
							"objectClass": "DP",
							"sid": 841184451055419,
							"parameters": {
								"object": "heal"
							}
						}
					],
					"actions": [
						{
							"id": "add-to-eventvar",
							"objectClass": "System",
							"sid": 225203981261017,
							"parameters": {
								"variable": "DPHP",
								"value": "1"
							}
						},
						{
							"id": "destroy",
							"objectClass": "heal",
							"sid": 969480438316513
						}
					],
					"sid": 780927059022832,
					"children": [
						{
							"eventType": "block",
							"conditions": [
								{
									"id": "compare-two-values",
									"objectClass": "System",
									"sid": 517038551475715,
									"parameters": {
										"first-value": "DPHP",
										"comparison": 4,
										"second-value": "5"
									}
								}
							],
							"actions": [
								{
									"id": "set-eventvar-value",
									"objectClass": "System",
									"sid": 919667631031110,
									"parameters": {
										"variable": "DPHP",
										"value": "5"
									}
								}
							],
							"sid": 488735992844247
						}
					]
				},
				{
					"eventType": "block",
					"conditions": [
						{
							"id": "on-timer",
							"objectClass": "DP",
							"sid": 524993970327141,
							"behaviorType": "Timer",
							"parameters": {
								"tag": "\"duration\""
							}
						}
					],
					"actions": [
						{
							"id": "destroy",
							"objectClass": "swings",
							"sid": 992225467967290
						}
					],
					"sid": 932850211179303
				},
				{
					"eventType": "block",
					"conditions": [
						{
							"id": "on-timer",
							"objectClass": "DP",
							"sid": 647850237328832,
							"behaviorType": "Timer",
							"parameters": {
								"tag": "\"rngdur\""
							}
						}
					],
					"actions": [
						{
							"id": "destroy",
							"objectClass": "Dpguns",
							"sid": 132542593739911
						}
					],
					"sid": 715413729983622
				},
				{
					"eventType": "block",
					"conditions": [
						{
							"id": "on-timer",
							"objectClass": "DP",
							"sid": 717098457089031,
							"behaviorType": "Timer",
							"parameters": {
								"tag": "\"Dwave\""
							}
						}
					],
					"actions": [
						{
							"id": "destroy",
							"objectClass": "Ddark",
							"sid": 984383332328137
						}
					],
					"sid": 802988046876158
				},
				{
					"eventType": "block",
					"conditions": [
						{
							"id": "is-on-floor",
							"objectClass": "DP",
							"sid": 534621406554237,
							"behaviorType": "Platform"
						}
					],
					"actions": [
						{
							"id": "set-eventvar-value",
							"objectClass": "System",
							"sid": 978515155576892,
							"parameters": {
								"variable": "Jumpcount",
								"value": "0"
							}
						},
						{
							"id": "stop-timer",
							"objectClass": "DP",
							"sid": 671540837364655,
							"behaviorType": "Timer",
							"parameters": {
								"tag": "\"HasDashed\""
							}
						},
						{
							"id": "set-gravity",
							"objectClass": "DP",
							"sid": 486446403620361,
							"behaviorType": "Platform",
							"parameters": {
								"gravity": "1500"
							}
						},
						{
							"id": "set-max-fall-speed",
							"objectClass": "DP",
							"sid": 948829728080620,
							"behaviorType": "Platform",
							"parameters": {
								"max-fall-speed": "1000"
							}
						}
					],
					"sid": 959202756545594
				},
				{
					"eventType": "block",
					"conditions": [
						{
							"id": "is-on-floor",
							"objectClass": "DP",
							"sid": 693282725933321,
							"behaviorType": "Platform"
						},
						{
							"id": "is-timer-running",
							"objectClass": "DP",
							"sid": 590857736007788,
							"behaviorType": "Timer",
							"parameters": {
								"tag": "\"Dwave\""
							},
							"isInverted": true
						}
					],
					"actions": [
						{
							"id": "start-timer",
							"objectClass": "DP",
							"sid": 447599772211911,
							"behaviorType": "Timer",
							"parameters": {
								"duration": "0.5",
								"type": "once",
								"tag": "\"Dwave\""
							}
						}
					],
					"sid": 234298214478493
				},
				{
					"eventType": "block",
					"conditions": [
						{
							"id": "is-jumping",
							"objectClass": "DP",
							"sid": 737991555045993,
							"behaviorType": "Platform"
						}
					],
					"actions": [
						{
							"id": "stop-timer",
							"objectClass": "DP",
							"sid": 349127179247021,
							"behaviorType": "Timer",
							"parameters": {
								"tag": "\"Dwave\""
							}
						}
					],
					"sid": 236847249904787
				}
			],
			"sid": 783924907955553
		},
		{
			"eventType": "group",
			"disabled": false,
			"title": "Baddies",
			"description": "",
			"isActiveOnStart": true,
			"children": [
				{
					"eventType": "group",
					"disabled": false,
					"title": "Side Enemy",
					"description": "",
					"isActiveOnStart": true,
					"children": [
						{
							"eventType": "block",
							"conditions": [
								{
									"id": "every-x-seconds",
									"objectClass": "System",
									"sid": 254135534846969,
									"parameters": {
										"interval-seconds": "0.01"
									}
								}
							],
							"actions": [
								{
									"id": "move-forward",
									"objectClass": "Side_enemy",
									"sid": 238268048822540,
									"parameters": {
										"distance": "3"
									}
								}
							],
							"sid": 781642872453537
						},
						{
							"eventType": "block",
							"conditions": [
								{
									"id": "on-collision-with-another-object",
									"objectClass": "Side_enemy",
									"sid": 393359063948599,
									"parameters": {
										"object": "BonkboxR"
									}
								}
							],
							"actions": [
								{
									"id": "rotate-clockwise",
									"objectClass": "Side_enemy",
									"sid": 820243618309532,
									"parameters": {
										"degrees": "180"
									}
								},
								{
									"id": "set-flipped",
									"objectClass": "Side_enemy",
									"sid": 900514039816651,
									"parameters": {
										"state": "flipped"
									}
								}
							],
							"sid": 826013929172694
						},
						{
							"eventType": "block",
							"conditions": [
								{
									"id": "on-collision-with-another-object",
									"objectClass": "Side_enemy",
									"sid": 473499931545249,
									"parameters": {
										"object": "BonkboxL"
									}
								}
							],
							"actions": [
								{
									"id": "rotate-clockwise",
									"objectClass": "Side_enemy",
									"sid": 387042739815118,
									"parameters": {
										"degrees": "180"
									}
								},
								{
									"id": "set-flipped",
									"objectClass": "Side_enemy",
									"sid": 121198603483635,
									"parameters": {
										"state": "not-flipped"
									}
								}
							],
							"sid": 708748227672346
						},
						{
							"eventType": "block",
							"conditions": [
								{
									"id": "on-collision-with-another-object",
									"objectClass": "Side_enemy",
									"sid": 152584127722651,
									"parameters": {
										"object": "DP"
									}
								}
							],
							"actions": [
								{
									"callFunction": "Damage",
									"sid": 290201066897199
								}
							],
							"sid": 206994061573267
						}
					],
					"sid": 689659438550391
				},
				{
					"eventType": "group",
					"disabled": false,
					"title": "Shootguy",
					"description": "",
					"isActiveOnStart": true,
					"children": [
						{
							"eventType": "block",
							"conditions": [
								{
									"id": "every-x-seconds",
									"objectClass": "System",
									"sid": 313643430775875,
									"parameters": {
										"interval-seconds": "3"
									}
								}
							],
							"actions": [
								{
									"id": "spawn-another-object",
									"objectClass": "ShootyLilGuy",
									"sid": 586894160318535,
									"parameters": {
										"object": "gun",
										"layer": "0",
										"image-point": "1",
										"create-hierarchy": false,
										"template-name": "\"\""
									}
								}
							],
							"sid": 699246242281977,
							"children": [
								{
									"eventType": "block",
									"conditions": [
										{
											"id": "compare-two-values",
											"objectClass": "System",
											"sid": 359812026468172,
											"parameters": {
												"first-value": "ShootyLilGuy.X",
												"comparison": 2,
												"second-value": "DP.X"
											}
										}
									],
									"actions": [
										{
											"id": "set-angle",
											"objectClass": "gun",
											"sid": 402573639426283,
											"parameters": {
												"angle": "0"
											}
										},
										{
											"id": "set-mirrored",
											"objectClass": "ShootyLilGuy",
											"sid": 593479542700394,
											"parameters": {
												"state": "mirrored"
											}
										},
										{
											"id": "set-flipped",
											"objectClass": "gun",
											"sid": 417618275708062,
											"parameters": {
												"state": "not-flipped"
											}
										}
									],
									"sid": 736429844337025
								},
								{
									"eventType": "block",
									"conditions": [
										{
											"id": "compare-two-values",
											"objectClass": "System",
											"sid": 600341803924433,
											"parameters": {
												"first-value": "ShootyLilGuy.X",
												"comparison": 4,
												"second-value": "DP.X"
											}
										}
									],
									"actions": [
										{
											"id": "set-angle",
											"objectClass": "gun",
											"sid": 497266593359058,
											"parameters": {
												"angle": "180"
											}
										},
										{
											"id": "set-mirrored",
											"objectClass": "ShootyLilGuy",
											"sid": 573678112401771,
											"parameters": {
												"state": "not-mirrored"
											}
										},
										{
											"id": "set-flipped",
											"objectClass": "gun",
											"sid": 342416297121108,
											"parameters": {
												"state": "flipped"
											}
										}
									],
									"sid": 128901245411236
								}
							]
						},
						{
							"eventType": "block",
							"conditions": [
								{
									"id": "on-collision-with-another-object",
									"objectClass": "gun",
									"sid": 157083509399385,
									"parameters": {
										"object": "Suelo"
									}
								}
							],
							"actions": [
								{
									"id": "destroy",
									"objectClass": "gun",
									"sid": 789492191198292
								}
							],
							"sid": 504408911114785
						},
						{
							"eventType": "block",
							"conditions": [
								{
									"id": "on-collision-with-another-object",
									"objectClass": "gun",
									"sid": 491656079465713,
									"parameters": {
										"object": "DP"
									}
								}
							],
							"actions": [
								{
									"callFunction": "Damage",
									"sid": 690591592913566
								},
								{
									"id": "destroy",
									"objectClass": "gun",
									"sid": 805969999103453
								}
							],
							"sid": 858953482453265
						},
						{
							"eventType": "block",
							"conditions": [
								{
									"id": "on-collision-with-another-object",
									"objectClass": "ShootyLilGuy",
									"sid": 685036979024072,
									"parameters": {
										"object": "DP"
									}
								}
							],
							"actions": [
								{
									"callFunction": "Damage",
									"sid": 575256059772380
								}
							],
							"sid": 666610739504355
						}
					],
					"sid": 975599302807480
				},
				{
					"eventType": "group",
					"disabled": false,
					"title": "Flyguy",
					"description": "",
					"isActiveOnStart": true,
					"children": [
						{
							"eventType": "block",
							"conditions": [
								{
									"id": "on-start-of-layout",
									"objectClass": "System",
									"sid": 605147535888331
								}
							],
							"actions": [
								{
									"id": "spawn-another-object",
									"objectClass": "flyguy",
									"sid": 733987096580187,
									"parameters": {
										"object": "flyspawn",
										"layer": "1",
										"image-point": "0",
										"create-hierarchy": false,
										"template-name": "\"\""
									}
								}
							],
							"sid": 116605767850116
						},
						{
							"eventType": "block",
							"conditions": [
								{
									"id": "every-x-seconds",
									"objectClass": "System",
									"sid": 850496015378131,
									"parameters": {
										"interval-seconds": "3"
									}
								}
							],
							"actions": [],
							"sid": 670915443861768,
							"children": [
								{
									"eventType": "block",
									"conditions": [
										{
											"id": "has-los-to-object",
											"objectClass": "flyguy",
											"sid": 856058962055382,
											"behaviorType": "LineOfSight",
											"parameters": {
												"object": "DP",
												"image-point": "0"
											}
										}
									],
									"actions": [
										{
											"id": "set-range",
											"objectClass": "flyguy",
											"sid": 718608528114584,
											"behaviorType": "LineOfSight",
											"parameters": {
												"range": "0"
											}
										},
										{
											"id": "set-enabled",
											"objectClass": "flyguy",
											"sid": 876694105662814,
											"behaviorType": "Bullet",
											"parameters": {
												"state": "enabled"
											}
										},
										{
											"id": "start-timer",
											"objectClass": "flyguy",
											"sid": 192317827521057,
											"behaviorType": "Temporizador",
											"parameters": {
												"duration": "0.5",
												"type": "once",
												"tag": "\"wing\""
											}
										},
										{
											"id": "set-angle-of-motion",
											"objectClass": "flyguy",
											"sid": 311146184394718,
											"behaviorType": "Bullet",
											"parameters": {
												"angle": "angle(flyguy.X,flyguy.Y,DP.X,DP.Y)"
											}
										}
									],
									"sid": 354335480899696
								}
							]
						},
						{
							"eventType": "block",
							"conditions": [
								{
									"id": "on-timer",
									"objectClass": "flyguy",
									"sid": 435285801310631,
									"behaviorType": "Temporizador",
									"parameters": {
										"tag": "\"wing\""
									}
								}
							],
							"actions": [
								{
									"id": "set-enabled",
									"objectClass": "flyguy",
									"sid": 866282039690591,
									"behaviorType": "Bullet",
									"parameters": {
										"state": "disabled"
									}
								},
								{
									"id": "set-position-to-another-object",
									"objectClass": "flyguy",
									"sid": 313440384495919,
									"parameters": {
										"object": "flyspawn",
										"image-point-optional": "0"
									}
								},
								{
									"id": "set-range",
									"objectClass": "flyguy",
									"sid": 710882805485935,
									"behaviorType": "LineOfSight",
									"parameters": {
										"range": "10000"
									}
								}
							],
							"sid": 787511933572390
						},
						{
							"eventType": "block",
							"conditions": [
								{
									"id": "on-collision-with-another-object",
									"objectClass": "flyguy",
									"sid": 603821679098997,
									"parameters": {
										"object": "DP"
									}
								}
							],
							"actions": [
								{
									"callFunction": "Damage",
									"sid": 144105510416100
								}
							],
							"sid": 422215036822260
						}
					],
					"sid": 703965348983539
				},
				{
					"eventType": "group",
					"disabled": false,
					"title": "Spikeguy",
					"description": "",
					"isActiveOnStart": true,
					"children": [
						{
							"eventType": "block",
							"conditions": [
								{
									"id": "every-x-seconds",
									"objectClass": "System",
									"sid": 218670896105503,
									"parameters": {
										"interval-seconds": "0.01"
									}
								}
							],
							"actions": [
								{
									"id": "move-forward",
									"objectClass": "spikeguy",
									"sid": 523055366620480,
									"parameters": {
										"distance": "3"
									}
								}
							],
							"sid": 635494054530853
						},
						{
							"eventType": "block",
							"conditions": [
								{
									"id": "on-collision-with-another-object",
									"objectClass": "spikeguy",
									"sid": 148625655238843,
									"parameters": {
										"object": "BonkboxR"
									}
								}
							],
							"actions": [
								{
									"id": "rotate-clockwise",
									"objectClass": "spikeguy",
									"sid": 595466656812033,
									"parameters": {
										"degrees": "180"
									}
								},
								{
									"id": "set-flipped",
									"objectClass": "spikeguy",
									"sid": 809823594937388,
									"parameters": {
										"state": "flipped"
									}
								}
							],
							"sid": 718285876917322
						},
						{
							"eventType": "block",
							"conditions": [
								{
									"id": "on-collision-with-another-object",
									"objectClass": "spikeguy",
									"sid": 814524457952636,
									"parameters": {
										"object": "BonkboxL"
									}
								}
							],
							"actions": [
								{
									"id": "rotate-clockwise",
									"objectClass": "spikeguy",
									"sid": 669016695294467,
									"parameters": {
										"degrees": "180"
									}
								},
								{
									"id": "set-flipped",
									"objectClass": "spikeguy",
									"sid": 904336974789246,
									"parameters": {
										"state": "not-flipped"
									}
								}
							],
							"sid": 623475154666193
						},
						{
							"eventType": "block",
							"conditions": [
								{
									"id": "on-collision-with-another-object",
									"objectClass": "spikeguy",
									"sid": 771129642357051,
									"parameters": {
										"object": "DP"
									}
								}
							],
							"actions": [
								{
									"callFunction": "Damage",
									"sid": 909624102404742
								}
							],
							"sid": 792869160686188
						},
						{
							"eventType": "block",
							"conditions": [
								{
									"id": "on-collision-with-another-object",
									"objectClass": "spikeguy",
									"sid": 517021223623971,
									"parameters": {
										"object": "swingnotimer"
									}
								}
							],
							"actions": [
								{
									"callFunction": "Damage",
									"sid": 925284576937074
								}
							],
							"sid": 386062605071462
						},
						{
							"eventType": "block",
							"conditions": [
								{
									"id": "on-collision-with-another-object",
									"objectClass": "spikeguy",
									"sid": 639197877546762,
									"parameters": {
										"object": "Dpguns"
									}
								}
							],
							"actions": [
								{
									"id": "destroy",
									"objectClass": "spikeguy",
									"sid": 634855520435838
								}
							],
							"sid": 581828373080287
						}
					],
					"sid": 659928191877833
				}
			],
			"sid": 246233224508361
		}
	],
	"sid": 740962681258430
}