{
	"name": "columnaMovil",
	"plugin-id": "Sprite",
	"sid": 497255988729609,
	"isGlobal": false,
	"editorNewInstanceIsReplica": true,
	"instanceVariables": [
		{
			"name": "Y_onTop",
			"type": "number",
			"desc": "",
			"show": true,
			"sid": 733975839584542
		},
		{
			"name": "Y_onBottom",
			"type": "number",
			"desc": "",
			"show": true,
			"sid": 431364393990467
		},
		{
			"name": "DuracionMovimiento",
			"type": "number",
			"desc": "",
			"show": true,
			"sid": 838769663271951
		},
		{
			"name": "TiempoEspera",
			"type": "number",
			"desc": "",
			"show": true,
			"sid": 575080926075850
		},
		{
			"name": "MoverPx_Y",
			"type": "number",
			"desc": "",
			"show": true,
			"sid": 450122913606985
		},
		{
			"name": "StartY",
			"type": "number",
			"desc": "",
			"show": true,
			"sid": 792213064828208
		},
		{
			"name": "TargetY",
			"type": "number",
			"desc": "",
			"show": true,
			"sid": 117202274518673
		}
	],
	"behaviorTypes": [
		{
			"behaviorId": "Tween",
			"name": "Tween",
			"sid": 132199968911200
		},
		{
			"behaviorId": "solid",
			"name": "Sólido",
			"sid": 461218768046616
		}
	],
	"effectTypes": [],
	"animations": {
		"items": [
			{
				"frames": [
					{
						"width": 45,
						"height": 194,
						"originX": 0.5269135802469135,
						"originY": 0.9798500468603561,
						"originalSource": "",
						"exportFormat": "lossless",
						"exportQuality": 0.8,
						"fileType": "image/png",
						"imageSpriteId": 6520194,
						"useCollisionPoly": true,
						"duration": 1,
						"tag": ""
					}
				],
				"sid": 291202520351771,
				"name": "Animation 1",
				"isLooping": false,
				"isPingPong": false,
				"repeatCount": 1,
				"repeatTo": 0,
				"speed": 5
			}
		],
		"subfolders": []
	}
}