{
	"name": "pinchosColumna",
	"plugin-id": "Sprite",
	"sid": 923752846352261,
	"isGlobal": false,
	"editorNewInstanceIsReplica": true,
	"instanceVariables": [],
	"behaviorTypes": [],
	"effectTypes": [],
	"animations": {
		"items": [
			{
				"frames": [
					{
						"width": 45,
						"height": 19,
						"originX": 0.5111111111111111,
						"originY": -0.5789473684210527,
						"originalSource": "",
						"exportFormat": "lossless",
						"exportQuality": 0.8,
						"fileType": "image/png",
						"imageSpriteId": 8905348,
						"collisionPoly": {
							"points": [
								0,
								1,
								1,
								1,
								1,
								0,
								0,
								0
							]
						},
						"useCollisionPoly": true,
						"duration": 1,
						"tag": ""
					}
				],
				"sid": 156720193271911,
				"name": "Animation 1",
				"isLooping": false,
				"isPingPong": false,
				"repeatCount": 1,
				"repeatTo": 0,
				"speed": 5
			}
		],
		"subfolders": []
	}
}