{
	"name": "pinchosColumna",
	"plugin-id": "Sprite",
	"sid": 923752846352261,
	"isGlobal": false,
	"editorNewInstanceIsReplica": true,
	"instanceVariables": [],
	"behaviorTypes": [],
	"effectTypes": [],
	"animations": {
		"items": [
			{
				"frames": [
					{
						"width": 98,
						"height": 64,
						"originX": 0.5,
						"originY": 0.03125,
						"originalSource": "",
						"exportFormat": "lossless",
						"exportQuality": 0.8,
						"fileType": "image/png",
						"imageSpriteId": 8704434,
						"collisionPoly": {
							"points": [
								0.13718820861678005,
								0.5711805555555558,
								0.7777777777777777,
								0.5503472222222207,
								0.7698412698412695,
								1,
								0.14172335600907032,
								1
							]
						},
						"useCollisionPoly": true,
						"duration": 1,
						"tag": ""
					}
				],
				"sid": 156720193271911,
				"name": "Animation 1",
				"isLooping": false,
				"isPingPong": false,
				"repeatCount": 1,
				"repeatTo": 0,
				"speed": 5
			}
		],
		"subfolders": []
	}
}