{
	"name": "ShootyLilGuy",
	"plugin-id": "Sprite",
	"sid": 747383331676144,
	"isGlobal": false,
	"editorNewInstanceIsReplica": true,
	"instanceVariables": [],
	"behaviorTypes": [
		{
			"behaviorId": "LOS",
			"name": "LineOfSight",
			"sid": 916367172842361
		},
		{
			"behaviorId": "Platform",
			"name": "Platform",
			"sid": 653207032034641
		}
	],
	"effectTypes": [],
	"animations": {
		"items": [
			{
				"frames": [
					{
						"width": 250,
						"height": 250,
						"originX": 0.5,
						"originY": 0.5,
						"originalSource": "",
						"exportFormat": "lossless",
						"exportQuality": 0.8,
						"fileType": "image/png",
						"imageSpriteId": 3164743,
						"useCollisionPoly": true,
						"imagePoints": [
							{
								"name": "Image Point 1",
								"x": 0.164,
								"y": 0.22
							},
							{
								"name": "Image Point 2",
								"x": -0.748,
								"y": 0.472
							}
						],
						"duration": 1,
						"tag": ""
					}
				],
				"sid": 788557808695727,
				"name": "Animation 1",
				"isLooping": false,
				"isPingPong": false,
				"repeatCount": 1,
				"repeatTo": 0,
				"speed": 5
			}
		],
		"subfolders": []
	}
}