{
	"name": "DestroyableFloor",
	"plugin-id": "Sprite",
	"sid": 198471902530338,
	"isGlobal": false,
	"editorNewInstanceIsReplica": true,
	"instanceVariables": [
		{
			"name": "haSidoPisada",
			"type": "boolean",
			"desc": "",
			"show": true,
			"sid": 320856162011896
		}
	],
	"behaviorTypes": [
		{
			"behaviorId": "solid",
			"name": "Solid",
			"sid": 908193104852195
		},
		{
			"behaviorId": "Timer",
			"name": "Timer",
			"sid": 555603209964385
		},
		{
			"behaviorId": "Sin",
			"name": "Sine",
			"sid": 933833044853861
		}
	],
	"effectTypes": [],
	"animations": {
		"items": [
			{
				"frames": [
					{
						"width": 32,
						"height": 32,
						"originX": 0.5,
						"originY": 0.5,
						"originalSource": "",
						"exportFormat": "lossless",
						"exportQuality": 0.8,
						"fileType": "image/png",
						"imageSpriteId": 6099840,
						"useCollisionPoly": true,
						"duration": 1,
						"tag": ""
					}
				],
				"sid": 758158555856765,
				"name": "Animation 1",
				"isLooping": false,
				"isPingPong": false,
				"repeatCount": 1,
				"repeatTo": 0,
				"speed": 5
			}
		],
		"subfolders": []
	}
}