{
	"name": "flyguy",
	"plugin-id": "Sprite",
	"sid": 836718146745039,
	"isGlobal": false,
	"editorNewInstanceIsReplica": true,
	"instanceVariables": [],
	"behaviorTypes": [
		{
			"behaviorId": "LOS",
			"name": "LineOfSight",
			"sid": 811424866745172
		},
		{
			"behaviorId": "Bullet",
			"name": "Bullet",
			"sid": 105865501461731
		},
		{
			"behaviorId": "Timer",
			"name": "Temporizador",
			"sid": 465701260983061
		}
	],
	"effectTypes": [],
	"animations": {
		"items": [
			{
				"frames": [
					{
						"width": 250,
						"height": 250,
						"originX": 0.5,
						"originY": 0.5,
						"originalSource": "",
						"exportFormat": "lossless",
						"exportQuality": 0.8,
						"fileType": "image/png",
						"imageSpriteId": 8406105,
						"useCollisionPoly": true,
						"duration": 1,
						"tag": ""
					}
				],
				"sid": 226356871908496,
				"name": "Animation 1",
				"isLooping": false,
				"isPingPong": false,
				"repeatCount": 1,
				"repeatTo": 0,
				"speed": 5
			}
		],
		"subfolders": []
	}
}