[["DP",{"animations":"{\"expanded\":true,\"subfolders\":[]}"}],["ShootyLilGuy",{"animations":"{\"expanded\":true,\"subfolders\":[]}"}],["Side_enemy",{"animations":"{\"expanded\":true,\"subfolders\":[]}"}],["gun",{"animations":"{\"expanded\":true,\"subfolders\":[]}"}],["flyguy",{"animations":"{\"expanded\":true,\"subfolders\":[]}"}],["spikeguy",{"animations":"{\"expanded\":true,\"subfolders\":[]}"}],["Test_floor",{"animations":"{\"expanded\":true,\"subfolders\":[]}"}],["BonkboxR",{"animations":"{\"expanded\":true,\"subfolders\":[]}"}],["BonkboxL",{"animations":"{\"expanded\":true,\"subfolders\":[]}"}],["Damage",{"animations":"{\"expanded\":true,\"subfolders\":[]}"}],["flyspawn",{"animations":"{\"expanded\":true,\"subfolders\":[]}"}],["swingL",{"animations":"{\"expanded\":true,\"subfolders\":[]}"}],["DPgunR",{}],["DPgunL",{}],["btnCredits",{}],["btnExit",{}],["btnGoBack",{}],["btnPlay",{}],["CreditsLayer",{}],["FondoHomeScreen",{}],["TextCredits",{}],["TextCredits2",{}],["TextExit",{}],["TextGameTitle",{}],["TextGoBack",{}],["TextPlay",{}],["Mouse",{}],["Keyboard",{}],["Browser",{}],["DestroyableFloor",{"animations":"{\"expanded\":true,\"subfolders\":[]}"}],["columnaMovil",{"animations":"{\"expanded\":true,\"subfolders\":[]}"}],["pinchosColumna",{"animations":"{\"expanded\":true,\"subfolders\":[]}"}],["heal",{"animations":"{\"expanded\":true,\"subfolders\":[]}"}],["upswing",{"animations":"{\"expanded\":true,\"subfolders\":[]}"}],["Hptext",{}],["downswing",{"animations":"{\"expanded\":true,\"subfolders\":[]}"}],["SwingR",{"animations":"{\"expanded\":true,\"subfolders\":[]}"}],["Ddark",{"animations":"{\"expanded\":true,\"subfolders\":[]}"}],["Damage2",{"animations":"{\"expanded\":true,\"subfolders\":[]}"}],["WallBreak",{}],["DoorOpener",{"animations":"{\"expanded\":true,\"subfolders\":[]}"}],["Door",{"animations":"{\"expanded\":true,\"subfolders\":[]}"}],["DoorTriger",{"animations":"{\"expanded\":true,\"subfolders\":[]}"}],["DoorCloser",{"animations":"{\"expanded\":true,\"subfolders\":[]}"}],["DoorSpawner",{"animations":"{\"expanded\":true,\"subfolders\":[]}"}],["Music_off",{"animations":"{\"expanded\":true,\"subfolders\":[]}"}],["Door2",{"animations":"{\"expanded\":true,\"subfolders\":[]}"}],["Audio",{}],["spike",{}],["ground",{}],["backtest",{"animations":"{\"expanded\":true,\"subfolders\":[]}"}],["9patchSuelo",{}]]