{
	"name": "Prefab",
	"layers": [
		{
			"name": "Layer 0",
			"overriden": 0,
			"subLayers": [],
			"instances": [
				{
					"type": "swingL",
					"properties": {
						"initially-visible": true,
						"initial-animation": "Animation 1",
						"initial-frame": 0,
						"enable-collisions": true,
						"live-preview": false
					},
					"uid": 29,
					"sid": 291869197698525,
					"tags": "",
					"instanceVariables": {},
					"behaviors": {},
					"instanceFolderItem": {
						"sid": 291869197698525,
						"expanded": true
					},
					"showing": true,
					"locked": false,
					"world": {
						"x": 157,
						"y": 115,
						"width": 243,
						"height": 122,
						"originX": 0.5185185185185185,
						"originY": 0.2459016393442623,
						"color": [
							1,
							1,
							1,
							1
						],
						"angle": 0,
						"zElevation": 0
					}
				},
				{
					"type": "Damage",
					"properties": {
						"initially-visible": true,
						"initial-animation": "Animation 1",
						"initial-frame": 0,
						"enable-collisions": true,
						"live-preview": false
					},
					"uid": 30,
					"sid": 398980974244335,
					"tags": "",
					"instanceVariables": {},
					"behaviors": {
						"Pin": {
							"properties": {
								"destroy": false
							}
						}
					},
					"instanceFolderItem": {
						"sid": 398980974244335,
						"expanded": true
					},
					"showing": true,
					"locked": false,
					"world": {
						"x": 514,
						"y": 179,
						"width": 250,
						"height": 250,
						"originX": 0.5,
						"originY": 0.5,
						"color": [
							1,
							1,
							1,
							1
						],
						"angle": 0,
						"zElevation": 0
					}
				},
				{
					"type": "gun",
					"properties": {
						"initially-visible": true,
						"initial-animation": "Animation 1",
						"initial-frame": 0,
						"enable-collisions": true,
						"live-preview": false
					},
					"uid": 31,
					"sid": 832695585842895,
					"tags": "",
					"instanceVariables": {},
					"behaviors": {
						"Bullet": {
							"properties": {
								"speed": 400,
								"acceleration": 0,
								"gravity": 0,
								"bounce-off-solids": false,
								"set-angle": true,
								"step": false,
								"enabled": true
							}
						}
					},
					"instanceFolderItem": {
						"sid": 832695585842895,
						"expanded": true
					},
					"showing": true,
					"locked": false,
					"world": {
						"x": 820,
						"y": 196,
						"width": 250,
						"height": 250,
						"originX": 0.5,
						"originY": 0.5,
						"color": [
							1,
							1,
							1,
							1
						],
						"angle": 0,
						"zElevation": 0
					}
				},
				{
					"type": "flyspawn",
					"properties": {
						"initially-visible": true,
						"initial-animation": "Animation 1",
						"initial-frame": 0,
						"enable-collisions": true,
						"live-preview": false
					},
					"uid": 32,
					"sid": 736572140222968,
					"tags": "",
					"instanceVariables": {},
					"behaviors": {},
					"instanceFolderItem": {
						"sid": 736572140222968,
						"expanded": true
					},
					"showing": true,
					"locked": false,
					"world": {
						"x": 1118,
						"y": 193,
						"width": 250,
						"height": 250,
						"originX": 0.5,
						"originY": 0.5,
						"color": [
							1,
							1,
							1,
							1
						],
						"angle": 0,
						"zElevation": 0
					}
				},
				{
					"type": "DPgunR",
					"properties": {
						"initially-visible": true,
						"initial-animation": "Animation 1",
						"initial-frame": 0,
						"enable-collisions": true,
						"live-preview": false
					},
					"uid": 33,
					"sid": 457813468706648,
					"tags": "",
					"instanceVariables": {},
					"behaviors": {
						"Bullet": {
							"properties": {
								"speed": 1500,
								"acceleration": 0,
								"gravity": 0,
								"bounce-off-solids": false,
								"set-angle": true,
								"step": false,
								"enabled": true
							}
						}
					},
					"instanceFolderItem": {
						"sid": 457813468706648,
						"expanded": true
					},
					"showing": true,
					"locked": false,
					"world": {
						"x": 1415,
						"y": 209,
						"width": 250,
						"height": 250,
						"originX": 0.5,
						"originY": 0.5,
						"color": [
							1,
							1,
							1,
							1
						],
						"angle": 0,
						"zElevation": 0
					}
				},
				{
					"type": "DPgunL",
					"properties": {
						"initially-visible": true,
						"initial-animation": "Animation 1",
						"initial-frame": 0,
						"enable-collisions": true,
						"live-preview": false
					},
					"uid": 34,
					"sid": 459398474828020,
					"tags": "",
					"instanceVariables": {},
					"behaviors": {
						"Bullet": {
							"properties": {
								"speed": 1500,
								"acceleration": 0,
								"gravity": 0,
								"bounce-off-solids": false,
								"set-angle": true,
								"step": false,
								"enabled": true
							}
						}
					},
					"instanceFolderItem": {
						"sid": 459398474828020,
						"expanded": true
					},
					"showing": true,
					"locked": false,
					"world": {
						"x": 1725,
						"y": 226,
						"width": 250,
						"height": 250,
						"originX": 0.5,
						"originY": 0.5,
						"color": [
							1,
							1,
							1,
							1
						],
						"angle": 3.141592653589793,
						"zElevation": 0
					}
				},
				{
					"type": "upswing",
					"properties": {
						"initially-visible": true,
						"initial-animation": "Animation 1",
						"initial-frame": 0,
						"enable-collisions": true,
						"live-preview": false
					},
					"uid": 45,
					"sid": 117009633816287,
					"tags": "",
					"instanceVariables": {},
					"behaviors": {},
					"instanceFolderItem": {
						"sid": 117009633816287,
						"expanded": true
					},
					"showing": true,
					"locked": false,
					"world": {
						"x": 165,
						"y": 444,
						"width": 250,
						"height": 250,
						"originX": 0.5,
						"originY": 0.5,
						"color": [
							1,
							1,
							1,
							1
						],
						"angle": 0,
						"zElevation": 0
					}
				},
				{
					"type": "Ddark",
					"properties": {
						"initially-visible": true,
						"initial-animation": "Animation 1",
						"initial-frame": 0,
						"enable-collisions": true,
						"live-preview": false
					},
					"uid": 46,
					"sid": 249347327471467,
					"tags": "",
					"instanceVariables": {},
					"behaviors": {
						"Pin": {
							"properties": {
								"destroy": false
							}
						}
					},
					"instanceFolderItem": {
						"sid": 249347327471467,
						"expanded": true
					},
					"showing": true,
					"locked": false,
					"world": {
						"x": 502,
						"y": 461,
						"width": 250,
						"height": 250,
						"originX": 0.5,
						"originY": 0.5,
						"color": [
							1,
							1,
							1,
							1
						],
						"angle": 0,
						"zElevation": 0
					}
				}
			],
			"sid": 684875047151495,
			"effectTypes": [],
			"isInitiallyVisible": true,
			"isInitiallyInteractive": true,
			"isHTMLElementsLayer": false,
			"color": [
				1,
				1,
				1,
				1
			],
			"backgroundColor": [
				0.3686274509803922,
				0.3686274509803922,
				0.3686274509803922,
				1
			],
			"isTransparent": false,
			"parallaxX": 1,
			"parallaxY": 1,
			"scaleRate": 1,
			"forceOwnTexture": false,
			"renderingMode": "3d",
			"drawOrder": "z-order",
			"useRenderCells": false,
			"blendMode": "normal",
			"zElevation": 0,
			"global": false
		}
	],
	"scene-graphs-folder-root": {
		"items": [],
		"subfolders": []
	},
	"sid": 742763712587532,
	"nonworld-instances": [],
	"effectTypes": [],
	"width": 3840,
	"height": 2160,
	"unboundedScrolling": false,
	"vpX": 0.5,
	"vpY": 0.5,
	"projection": "perspective",
	"eventSheet": null
}