{
	"name": "btnGoBack",
	"plugin-id": "Sprite",
	"sid": 126618739937405,
	"isGlobal": false,
	"editorNewInstanceIsReplica": true,
	"instanceVariables": [],
	"behaviorTypes": [],
	"effectTypes": [],
	"animations": {
		"items": [
			{
				"frames": [
					{
						"width": 190,
						"height": 49,
						"originX": 0.5,
						"originY": 0.5,
						"originalSource": "",
						"exportFormat": "lossless",
						"exportQuality": 0.8,
						"fileType": "image/png",
						"imageSpriteId": 8345338,
						"collisionPoly": {
							"points": [
								0.015789473684210527,
								0,
								1,
								0.04081632653061224,
								1,
								0.9387755102040817,
								0.9894736842105263,
								1,
								0.010526315789473684,
								1,
								0,
								0.9591836734693877
							]
						},
						"useCollisionPoly": true,
						"duration": 1,
						"tag": ""
					}
				],
				"sid": 428480185819266,
				"name": "Animation 1",
				"isLooping": false,
				"isPingPong": false,
				"repeatCount": 1,
				"repeatTo": 0,
				"speed": 5
			}
		],
		"subfolders": []
	}
}