{
	"name": "WallBreak",
	"plugin-id": "NinePatch",
	"sid": 693583690287048,
	"isGlobal": false,
	"editorNewInstanceIsReplica": true,
	"instanceVariables": [],
	"behaviorTypes": [
		{
			"behaviorId": "solid",
			"name": "Solid",
			"sid": 198488119440455
		}
	],
	"effectTypes": [],
	"image": {
		"width": 250,
		"height": 250,
		"originX": 0.5,
		"originY": 0.5,
		"originalSource": "",
		"exportFormat": "lossless",
		"exportQuality": 0.8,
		"fileType": "image/png",
		"imageSpriteId": 2913153,
		"useCollisionPoly": true,
		"tag": ""
	}
}