{
	"name": "Side_enemy",
	"plugin-id": "Sprite",
	"sid": 859780073769188,
	"isGlobal": false,
	"editorNewInstanceIsReplica": true,
	"instanceVariables": [],
	"behaviorTypes": [
		{
			"behaviorId": "Platform",
			"name": "Platform",
			"sid": 427182803499994
		}
	],
	"effectTypes": [],
	"animations": {
		"items": [
			{
				"frames": [
					{
						"width": 252,
						"height": 219,
						"originX": 0.5,
						"originY": 0.4246575342465753,
						"originalSource": "",
						"exportFormat": "lossless",
						"exportQuality": 0.8,
						"fileType": "image/png",
						"imageSpriteId": 4210503,
						"collisionPoly": {
							"points": [
								0.003968253968253968,
								0,
								0.996031746031746,
								0,
								0.996031746031746,
								0.9954337899543378,
								0.003968253968253968,
								0.9954337899543378
							]
						},
						"useCollisionPoly": true,
						"imagePoints": [
							{
								"name": "Image Point 1",
								"x": 2.996031746031746,
								"y": 0.45662100456621
							}
						],
						"duration": 1,
						"tag": ""
					}
				],
				"sid": 569555257606997,
				"name": "Animation 1",
				"isLooping": false,
				"isPingPong": false,
				"repeatCount": 1,
				"repeatTo": 0,
				"speed": 5
			}
		],
		"subfolders": []
	}
}