{"propertiesBar":{"properties":[{"name":"Escena","expanded":true,"children":[{"name":"Tamaño","expanded":false,"children":[]},{"name":"Punto de fuga","expanded":false,"children":[]}]},{"name":"Efectos","expanded":true,"children":[]},{"name":"Editor","expanded":true,"children":[{"name":"Márgenes","expanded":false,"children":[]},{"name":"Tamaño de cuadrícula","expanded":false,"children":[]},{"name":"Ajuste de la cuadrícula","expanded":false,"children":[]}]}],"scrollPosition":0},"layersBar":{"name":"<root>","children":[{"name":"Layer 0","expanded":true,"children":[]}]},"grid":{"show":false,"snap":false,"width":32,"height":32,"offsetX":0,"offsetY":0},"marginWidth":1000,"marginHeight":1000,"showCollisionPolygons":false,"showMeshes":false,"showTranslucentInactiveLayers":false,"showSceneGraphConnections":true,"tabColor":[0.9999999999999999,0.8000000000000002,0.8000000000000002,1],"tabTextColor":null,"layers":[{"name":"Layer 0","propertiesBar":{"properties":[{"name":"Propiedades de capa","expanded":true,"children":[]},{"name":"Desplazamiento y zoom","expanded":true,"children":[{"name":"Paralaje","expanded":false,"children":[]}]},{"name":"Apariencia","expanded":true,"children":[]},{"name":"Efectos","expanded":true,"children":[]},{"name":"Editor","expanded":true,"children":[]}],"scrollPosition":0},"visibleInEditor":true,"locked":false,"parallaxInEditor":false,"opacity":1,"translucent":false}],"instancesRoot":{"expanded":true,"subfolders":[],"misc":{"global":true,"layout":[]}},"view":{"x":960,"y":540,"z":100,"activeLayer":"Layer 0"},"selectedInstances":[],"lockedInstances":[7],"instanceCollections":[]}