{
	"name": "DP",
	"events": [
		{
			"eventType": "variable",
			"name": "Jumpcount2",
			"type": "number",
			"initialValue": "0",
			"comment": "",
			"isStatic": false,
			"isConstant": false,
			"sid": 843442221011624
		},
		{
			"eventType": "variable",
			"name": "DPHP2",
			"type": "number",
			"initialValue": "5",
			"comment": "The players HP",
			"isStatic": false,
			"isConstant": false,
			"sid": 866689318810591
		},
		{
			"eventType": "variable",
			"name": "IsDash2",
			"type": "boolean",
			"initialValue": "false",
			"comment": "",
			"isStatic": false,
			"isConstant": false,
			"sid": 735575209478789
		},
		{
			"eventType": "group",
			"disabled": false,
			"title": "DP",
			"description": "",
			"isActiveOnStart": true,
			"children": [
				{
					"functionName": "Damage",
					"functionDescription": "recibir daño",
					"functionCategory": "",
					"functionReturnType": "none",
					"functionCopyPicked": false,
					"functionIsAsync": false,
					"functionParameters": [],
					"eventType": "function-block",
					"conditions": [
						{
							"id": "is-timer-running",
							"objectClass": "DP",
							"sid": 897736946139670,
							"behaviorType": "Timer",
							"parameters": {
								"tag": "\"frames\""
							},
							"isInverted": true
						}
					],
					"actions": [
						{
							"id": "set-eventvar-value",
							"objectClass": "System",
							"sid": 566927033529663,
							"parameters": {
								"variable": "DPHP",
								"value": "DPHP-1"
							}
						},
						{
							"id": "start-timer",
							"objectClass": "DP",
							"sid": 762505533696598,
							"behaviorType": "Timer",
							"parameters": {
								"duration": "1",
								"type": "once",
								"tag": "\"frames\""
							}
						},
						{
							"id": "set-text",
							"objectClass": "Hptext",
							"sid": 501852229325627,
							"parameters": {
								"text": "\"Lives = \" & DPHP"
							}
						}
					],
					"sid": 512136009895569
				},
				{
					"eventType": "variable",
					"name": "CanDash",
					"type": "boolean",
					"initialValue": "true",
					"comment": "",
					"isStatic": false,
					"isConstant": false,
					"sid": 863287528117920
				},
				{
					"eventType": "variable",
					"name": "CanDjump",
					"type": "boolean",
					"initialValue": "true",
					"comment": "",
					"isStatic": false,
					"isConstant": false,
					"sid": 799708732163376
				},
				{
					"eventType": "variable",
					"name": "CanGun",
					"type": "boolean",
					"initialValue": "true",
					"comment": "",
					"isStatic": false,
					"isConstant": false,
					"sid": 653977885014717
				},
				{
					"eventType": "group",
					"disabled": false,
					"title": "Controls",
					"description": "",
					"isActiveOnStart": true,
					"children": [
						{
							"eventType": "block",
							"conditions": [
								{
									"id": "on-key-pressed",
									"objectClass": "Keyboard",
									"sid": 935503828575323,
									"parameters": {
										"key": 39
									}
								}
							],
							"actions": [
								{
									"id": "set-mirrored",
									"objectClass": "DP",
									"sid": 423051784146009,
									"parameters": {
										"state": "not-mirrored"
									}
								}
							],
							"sid": 311440265733003
						},
						{
							"eventType": "block",
							"conditions": [
								{
									"id": "on-key-pressed",
									"objectClass": "Keyboard",
									"sid": 617826369389837,
									"parameters": {
										"key": 37
									}
								}
							],
							"actions": [
								{
									"id": "set-mirrored",
									"objectClass": "DP",
									"sid": 557261807206857,
									"parameters": {
										"state": "mirrored"
									}
								}
							],
							"sid": 870236208920001
						},
						{
							"eventType": "block",
							"conditions": [
								{
									"id": "on-key-pressed",
									"objectClass": "Keyboard",
									"sid": 887542005879849,
									"parameters": {
										"key": 38
									}
								}
							],
							"actions": [
								{
									"id": "wait",
									"objectClass": "System",
									"sid": 960401502736776,
									"parameters": {
										"seconds": "0.05",
										"use-timescale": true
									}
								},
								{
									"id": "add-to-eventvar",
									"objectClass": "System",
									"sid": 185984519637860,
									"parameters": {
										"variable": "Jumpcount",
										"value": "1"
									}
								}
							],
							"sid": 292480921420315
						},
						{
							"eventType": "block",
							"conditions": [
								{
									"id": "on-key-pressed",
									"objectClass": "Keyboard",
									"sid": 997811306381164,
									"parameters": {
										"key": 32
									}
								},
								{
									"id": "key-is-down",
									"objectClass": "Keyboard",
									"sid": 668139682894139,
									"parameters": {
										"key": 39
									}
								},
								{
									"id": "is-timer-running",
									"objectClass": "DP",
									"sid": 537667618247645,
									"behaviorType": "Timer",
									"parameters": {
										"tag": "\"atk\""
									},
									"isInverted": true
								}
							],
							"actions": [
								{
									"id": "spawn-another-object",
									"objectClass": "DP",
									"sid": 141131367538267,
									"parameters": {
										"object": "swingL",
										"layer": "1",
										"image-point": "1",
										"create-hierarchy": false,
										"template-name": "\"\""
									}
								},
								{
									"id": "start-timer",
									"objectClass": "DP",
									"sid": 117742901452580,
									"behaviorType": "Timer",
									"parameters": {
										"duration": "0.2",
										"type": "once",
										"tag": "\"duration\""
									}
								},
								{
									"id": "start-timer",
									"objectClass": "DP",
									"sid": 868642213646538,
									"behaviorType": "Timer",
									"parameters": {
										"duration": "0.5",
										"type": "once",
										"tag": "\"atk\""
									}
								},
								{
									"id": "set-animation",
									"objectClass": "DP",
									"sid": 876517514860907,
									"parameters": {
										"animation": "\"DP-slash-lateral\"",
										"from": "current-frame"
									}
								}
							],
							"sid": 431005366558542
						},
						{
							"eventType": "block",
							"conditions": [
								{
									"id": "on-key-pressed",
									"objectClass": "Keyboard",
									"sid": 539208589021274,
									"parameters": {
										"key": 32
									}
								},
								{
									"id": "key-is-down",
									"objectClass": "Keyboard",
									"sid": 805741451882691,
									"parameters": {
										"key": 37
									}
								},
								{
									"id": "is-timer-running",
									"objectClass": "DP",
									"sid": 195755326437106,
									"behaviorType": "Timer",
									"parameters": {
										"tag": "\"atk\""
									},
									"isInverted": true
								}
							],
							"actions": [
								{
									"id": "spawn-another-object",
									"objectClass": "DP",
									"sid": 102450821043074,
									"parameters": {
										"object": "SwingR",
										"layer": "1",
										"image-point": "1",
										"create-hierarchy": false,
										"template-name": "\"\""
									}
								},
								{
									"id": "start-timer",
									"objectClass": "DP",
									"sid": 578824688824974,
									"behaviorType": "Timer",
									"parameters": {
										"duration": "0.3",
										"type": "once",
										"tag": "\"duration\""
									}
								},
								{
									"id": "start-timer",
									"objectClass": "DP",
									"sid": 710974522638265,
									"behaviorType": "Timer",
									"parameters": {
										"duration": "0.5",
										"type": "once",
										"tag": "\"atk\""
									}
								},
								{
									"id": "set-animation",
									"objectClass": "DP",
									"sid": 660475641196296,
									"parameters": {
										"animation": "\"DP-slash-lateral\"",
										"from": "current-frame"
									}
								}
							],
							"sid": 662904545103158
						},
						{
							"eventType": "block",
							"conditions": [
								{
									"id": "on-key-pressed",
									"objectClass": "Keyboard",
									"sid": 211114155205273,
									"parameters": {
										"key": 32
									}
								},
								{
									"id": "key-is-down",
									"objectClass": "Keyboard",
									"sid": 921387131210680,
									"parameters": {
										"key": 38
									}
								},
								{
									"id": "is-timer-running",
									"objectClass": "DP",
									"sid": 343334360680760,
									"behaviorType": "Timer",
									"parameters": {
										"tag": "\"atk\""
									},
									"isInverted": true
								}
							],
							"actions": [
								{
									"id": "spawn-another-object",
									"objectClass": "DP",
									"sid": 262077412524278,
									"parameters": {
										"object": "upswing",
										"layer": "1",
										"image-point": "2",
										"create-hierarchy": false,
										"template-name": "\"\""
									}
								},
								{
									"id": "start-timer",
									"objectClass": "DP",
									"sid": 912354513541022,
									"behaviorType": "Timer",
									"parameters": {
										"duration": "0.3",
										"type": "once",
										"tag": "\"duration\""
									}
								},
								{
									"id": "start-timer",
									"objectClass": "DP",
									"sid": 129770767801324,
									"behaviorType": "Timer",
									"parameters": {
										"duration": "0.5",
										"type": "once",
										"tag": "\"atk\""
									}
								},
								{
									"id": "set-animation",
									"objectClass": "DP",
									"sid": 983800691807863,
									"parameters": {
										"animation": "\"DP-slash-up\"",
										"from": "current-frame"
									}
								}
							],
							"sid": 749102063760254
						},
						{
							"eventType": "block",
							"conditions": [
								{
									"id": "on-key-pressed",
									"objectClass": "Keyboard",
									"sid": 446651322431527,
									"parameters": {
										"key": 32
									}
								},
								{
									"id": "key-is-down",
									"objectClass": "Keyboard",
									"sid": 570714095976246,
									"parameters": {
										"key": 40
									}
								},
								{
									"id": "is-timer-running",
									"objectClass": "DP",
									"sid": 505092972563073,
									"behaviorType": "Timer",
									"parameters": {
										"tag": "\"atk\""
									},
									"isInverted": true
								}
							],
							"actions": [
								{
									"id": "start-timer",
									"objectClass": "DP",
									"sid": 146300523010507,
									"behaviorType": "Timer",
									"parameters": {
										"duration": "0.3",
										"type": "once",
										"tag": "\"duration\""
									}
								},
								{
									"id": "start-timer",
									"objectClass": "DP",
									"sid": 406052279425426,
									"behaviorType": "Timer",
									"parameters": {
										"duration": "0.5",
										"type": "once",
										"tag": "\"atk\""
									}
								}
							],
							"sid": 223911655315734,
							"children": [
								{
									"eventType": "block",
									"conditions": [
										{
											"id": "compare-two-values",
											"objectClass": "System",
											"sid": 550016563627205,
											"parameters": {
												"first-value": "Jumpcount",
												"comparison": 5,
												"second-value": "2"
											}
										},
										{
											"id": "compare-boolean-eventvar",
											"objectClass": "System",
											"sid": 138164706589965,
											"parameters": {
												"variable": "CanDjump"
											}
										}
									],
									"actions": [
										{
											"id": "set-gravity",
											"objectClass": "DP",
											"sid": 495221386734565,
											"behaviorType": "Platform",
											"parameters": {
												"gravity": "6000"
											}
										},
										{
											"id": "set-max-fall-speed",
											"objectClass": "DP",
											"sid": 113457634510413,
											"behaviorType": "Platform",
											"parameters": {
												"max-fall-speed": "6000"
											}
										},
										{
											"id": "spawn-another-object",
											"objectClass": "DP",
											"sid": 203675005259786,
											"parameters": {
												"object": "Ddark",
												"layer": "1",
												"image-point": "0",
												"create-hierarchy": false,
												"template-name": "\"\""
											}
										},
										{
											"id": "pin-to-object-properties",
											"objectClass": "Ddark",
											"sid": 810397784564618,
											"behaviorType": "Pin",
											"parameters": {
												"pin-to": "DP",
												"x": true,
												"y": true,
												"angle": true,
												"width-type": "no",
												"height-type": "no",
												"z": false
											}
										},
										{
											"id": "set-animation",
											"objectClass": "DP",
											"sid": 237361332697361,
											"parameters": {
												"animation": "\"DP-slash-down\"",
												"from": "current-frame"
											}
										}
									],
									"sid": 345557902964494
								},
								{
									"eventType": "block",
									"conditions": [
										{
											"id": "else",
											"objectClass": "System",
											"sid": 295018558921823
										}
									],
									"actions": [
										{
											"id": "spawn-another-object",
											"objectClass": "DP",
											"sid": 324137522881150,
											"parameters": {
												"object": "downswing",
												"layer": "1",
												"image-point": "3",
												"create-hierarchy": false,
												"template-name": "\"\""
											}
										},
										{
											"id": "set-animation",
											"objectClass": "DP",
											"sid": 254083188608724,
											"parameters": {
												"animation": "\"DP-slash-down\"",
												"from": "current-frame"
											}
										}
									],
									"sid": 260950389165800
								}
							]
						},
						{
							"eventType": "block",
							"conditions": [
								{
									"id": "on-key-pressed",
									"objectClass": "Keyboard",
									"sid": 581405086843189,
									"parameters": {
										"key": 32
									}
								}
							],
							"actions": [
								{
									"id": "start-timer",
									"objectClass": "DP",
									"sid": 400297573976947,
									"behaviorType": "Timer",
									"parameters": {
										"duration": "0.3",
										"type": "once",
										"tag": "\"duration\""
									}
								},
								{
									"id": "start-timer",
									"objectClass": "DP",
									"sid": 395242457049959,
									"behaviorType": "Timer",
									"parameters": {
										"duration": "0.5",
										"type": "once",
										"tag": "\"atk\""
									}
								}
							],
							"sid": 950004642661557,
							"children": [
								{
									"eventType": "block",
									"conditions": [
										{
											"id": "key-is-down",
											"objectClass": "Keyboard",
											"sid": 224079453560136,
											"parameters": {
												"key": 37
											},
											"isInverted": true
										},
										{
											"id": "key-is-down",
											"objectClass": "Keyboard",
											"sid": 951947034283303,
											"parameters": {
												"key": 39
											},
											"isInverted": true
										},
										{
											"id": "key-is-down",
											"objectClass": "Keyboard",
											"sid": 772926288567537,
											"parameters": {
												"key": 38
											},
											"isInverted": true
										},
										{
											"id": "key-is-down",
											"objectClass": "Keyboard",
											"sid": 312718188260730,
											"parameters": {
												"key": 40
											},
											"isInverted": true
										},
										{
											"id": "is-mirrored",
											"objectClass": "DP",
											"sid": 453024911659874,
											"isInverted": true
										}
									],
									"actions": [
										{
											"id": "spawn-another-object",
											"objectClass": "DP",
											"sid": 476311556699376,
											"parameters": {
												"object": "swingL",
												"layer": "1",
												"image-point": "1",
												"create-hierarchy": false,
												"template-name": "\"\""
											}
										}
									],
									"sid": 223108924028408
								},
								{
									"eventType": "block",
									"conditions": [
										{
											"id": "key-is-down",
											"objectClass": "Keyboard",
											"sid": 863348771913943,
											"parameters": {
												"key": 37
											},
											"isInverted": true
										},
										{
											"id": "key-is-down",
											"objectClass": "Keyboard",
											"sid": 785191612624725,
											"parameters": {
												"key": 39
											},
											"isInverted": true
										},
										{
											"id": "key-is-down",
											"objectClass": "Keyboard",
											"sid": 728223305462372,
											"parameters": {
												"key": 38
											},
											"isInverted": true
										},
										{
											"id": "key-is-down",
											"objectClass": "Keyboard",
											"sid": 210329044620600,
											"parameters": {
												"key": 40
											},
											"isInverted": true
										},
										{
											"id": "is-mirrored",
											"objectClass": "DP",
											"sid": 247815842523041
										}
									],
									"actions": [
										{
											"id": "spawn-another-object",
											"objectClass": "DP",
											"sid": 974107628439473,
											"parameters": {
												"object": "SwingR",
												"layer": "1",
												"image-point": "1",
												"create-hierarchy": false,
												"template-name": "\"\""
											}
										}
									],
									"sid": 402919340826799
								}
							]
						},
						{
							"eventType": "block",
							"conditions": [
								{
									"id": "on-key-pressed",
									"objectClass": "Keyboard",
									"sid": 283324046568979,
									"parameters": {
										"key": 81
									}
								},
								{
									"id": "compare-boolean-eventvar",
									"objectClass": "System",
									"sid": 763241623464985,
									"parameters": {
										"variable": "CanGun"
									}
								},
								{
									"id": "is-timer-running",
									"objectClass": "DP",
									"sid": 505681755548739,
									"behaviorType": "Timer",
									"parameters": {
										"tag": "\"rngatk\""
									},
									"isInverted": true
								}
							],
							"actions": [
								{
									"id": "start-timer",
									"objectClass": "DP",
									"sid": 687051358412533,
									"behaviorType": "Timer",
									"parameters": {
										"duration": "4",
										"type": "once",
										"tag": "\"rngatk\""
									}
								},
								{
									"id": "start-timer",
									"objectClass": "DP",
									"sid": 528064948633577,
									"behaviorType": "Timer",
									"parameters": {
										"duration": "1.0",
										"type": "once",
										"tag": "\"rngdur\""
									}
								}
							],
							"sid": 975704616595349,
							"children": [
								{
									"eventType": "block",
									"conditions": [
										{
											"id": "is-mirrored",
											"objectClass": "DP",
											"sid": 706904647195832,
											"isInverted": true
										}
									],
									"actions": [
										{
											"id": "spawn-another-object",
											"objectClass": "DP",
											"sid": 832777863147725,
											"parameters": {
												"object": "DPgunR",
												"layer": "1",
												"image-point": "0",
												"create-hierarchy": false,
												"template-name": "\"\""
											}
										}
									],
									"sid": 824950706001006
								},
								{
									"eventType": "block",
									"conditions": [
										{
											"id": "is-mirrored",
											"objectClass": "DP",
											"sid": 497391453094490
										}
									],
									"actions": [
										{
											"id": "spawn-another-object",
											"objectClass": "DP",
											"sid": 231537691647450,
											"parameters": {
												"object": "DPgunL",
												"layer": "1",
												"image-point": "0",
												"create-hierarchy": false,
												"template-name": "\"\""
											}
										},
										{
											"id": "rotate-clockwise",
											"objectClass": "DPgunL",
											"sid": 540100404338236,
											"parameters": {
												"degrees": "180"
											}
										}
									],
									"sid": 720686487646719
								}
							]
						},
						{
							"eventType": "block",
							"conditions": [
								{
									"id": "on-key-released",
									"objectClass": "Keyboard",
									"sid": 607031720665728,
									"parameters": {
										"key": 69
									}
								},
								{
									"id": "compare-boolean-eventvar",
									"objectClass": "System",
									"sid": 749027285911014,
									"parameters": {
										"variable": "CanDash"
									}
								},
								{
									"id": "is-timer-running",
									"objectClass": "DP",
									"sid": 151720382006802,
									"behaviorType": "Timer",
									"parameters": {
										"tag": "\"Dash\""
									},
									"isInverted": true
								},
								{
									"id": "is-timer-running",
									"objectClass": "DP",
									"sid": 554593107663212,
									"behaviorType": "Timer",
									"parameters": {
										"tag": "\"Diddash\""
									},
									"isInverted": true
								},
								{
									"id": "is-timer-running",
									"objectClass": "DP",
									"sid": 791305362712460,
									"behaviorType": "Timer",
									"parameters": {
										"tag": "\"HasDashed\""
									},
									"isInverted": true
								}
							],
							"actions": [
								{
									"id": "set-enabled",
									"objectClass": "DP",
									"sid": 248850227206001,
									"behaviorType": "Bullet",
									"parameters": {
										"state": "enabled"
									}
								},
								{
									"id": "set-max-fall-speed",
									"objectClass": "DP",
									"sid": 524436231426644,
									"behaviorType": "Platform",
									"parameters": {
										"max-fall-speed": "1"
									}
								},
								{
									"id": "start-timer",
									"objectClass": "DP",
									"sid": 311874452814403,
									"behaviorType": "Timer",
									"parameters": {
										"duration": "0.4",
										"type": "once",
										"tag": "\"Dash\""
									}
								},
								{
									"id": "start-timer",
									"objectClass": "DP",
									"sid": 411424314038909,
									"behaviorType": "Timer",
									"parameters": {
										"duration": "1",
										"type": "once",
										"tag": "\"Diddash\""
									}
								},
								{
									"id": "start-timer",
									"objectClass": "DP",
									"sid": 753228490695706,
									"behaviorType": "Timer",
									"parameters": {
										"duration": "999999999",
										"type": "once",
										"tag": "\"HasDashed\""
									}
								}
							],
							"sid": 466812144111636,
							"children": [
								{
									"eventType": "block",
									"conditions": [
										{
											"id": "is-mirrored",
											"objectClass": "DP",
											"sid": 312565703669595
										}
									],
									"actions": [
										{
											"id": "set-angle-of-motion",
											"objectClass": "DP",
											"sid": 447008703286989,
											"behaviorType": "Bullet",
											"parameters": {
												"angle": "180"
											}
										}
									],
									"sid": 465196568703415
								},
								{
									"eventType": "block",
									"conditions": [
										{
											"id": "else",
											"objectClass": "System",
											"sid": 625798843553280
										}
									],
									"actions": [
										{
											"id": "set-angle-of-motion",
											"objectClass": "DP",
											"sid": 727658023692506,
											"behaviorType": "Bullet",
											"parameters": {
												"angle": "0"
											}
										}
									],
									"sid": 794465510303269
								}
							]
						},
						{
							"eventType": "block",
							"conditions": [
								{
									"id": "on-timer",
									"objectClass": "DP",
									"sid": 805799124698451,
									"behaviorType": "Timer",
									"parameters": {
										"tag": "\"Dash\""
									}
								}
							],
							"actions": [
								{
									"id": "set-max-fall-speed",
									"objectClass": "DP",
									"sid": 226050279537624,
									"behaviorType": "Platform",
									"parameters": {
										"max-fall-speed": "1000"
									}
								},
								{
									"id": "set-enabled",
									"objectClass": "DP",
									"sid": 131012205805045,
									"behaviorType": "Bullet",
									"parameters": {
										"state": "disabled"
									}
								}
							],
							"sid": 813751522689385
						}
					],
					"sid": 649799119680848
				},
				{
					"eventType": "block",
					"conditions": [
						{
							"id": "on-collision-with-another-object",
							"objectClass": "swingnotimer",
							"sid": 683395123384259,
							"parameters": {
								"object": "Baddies"
							}
						}
					],
					"actions": [
						{
							"id": "destroy",
							"objectClass": "Baddies",
							"sid": 586575891567220
						}
					],
					"sid": 851246963994126
				},
				{
					"eventType": "block",
					"conditions": [
						{
							"id": "on-collision-with-another-object",
							"objectClass": "Dpguns",
							"sid": 801248002505854,
							"parameters": {
								"object": "Baddies"
							}
						}
					],
					"actions": [
						{
							"id": "destroy",
							"objectClass": "Baddies",
							"sid": 245484335652603
						}
					],
					"sid": 678859422139907
				},
				{
					"eventType": "block",
					"conditions": [
						{
							"id": "on-start-of-layout",
							"objectClass": "System",
							"sid": 431651272178301
						},
						{
							"id": "compare-boolean-eventvar",
							"objectClass": "System",
							"sid": 854571826215033,
							"parameters": {
								"variable": "CanDjump"
							},
							"isInverted": true
						}
					],
					"actions": [
						{
							"id": "set-double-jump",
							"objectClass": "DP",
							"sid": 227458367851678,
							"behaviorType": "Platform",
							"parameters": {
								"state": "disabled"
							}
						}
					],
					"sid": 957004036983069
				},
				{
					"eventType": "block",
					"conditions": [
						{
							"id": "compare-two-values",
							"objectClass": "System",
							"sid": 766976392615322,
							"parameters": {
								"first-value": "DPHP",
								"comparison": 3,
								"second-value": "0"
							}
						}
					],
					"actions": [
						{
							"id": "restart-layout",
							"objectClass": "System",
							"sid": 168458733164013
						},
						{
							"id": "set-eventvar-value",
							"objectClass": "System",
							"sid": 991320912543372,
							"parameters": {
								"variable": "DPHP",
								"value": "5"
							}
						},
						{
							"id": "set-text",
							"objectClass": "Hptext",
							"sid": 963066926144563,
							"parameters": {
								"text": "\"Lives = \" & DPHP"
							}
						}
					],
					"sid": 509660608564961
				},
				{
					"eventType": "block",
					"conditions": [
						{
							"id": "on-collision-with-another-object",
							"objectClass": "DP",
							"sid": 841184451055419,
							"parameters": {
								"object": "heal"
							}
						}
					],
					"actions": [
						{
							"id": "add-to-eventvar",
							"objectClass": "System",
							"sid": 225203981261017,
							"parameters": {
								"variable": "DPHP",
								"value": "1"
							}
						},
						{
							"id": "destroy",
							"objectClass": "heal",
							"sid": 969480438316513
						},
						{
							"id": "set-text",
							"objectClass": "Hptext",
							"sid": 200886607783823,
							"parameters": {
								"text": "\"Lives = \" & DPHP"
							}
						}
					],
					"sid": 780927059022832,
					"children": [
						{
							"eventType": "block",
							"conditions": [
								{
									"id": "compare-two-values",
									"objectClass": "System",
									"sid": 517038551475715,
									"parameters": {
										"first-value": "DPHP",
										"comparison": 4,
										"second-value": "5"
									}
								}
							],
							"actions": [
								{
									"id": "set-eventvar-value",
									"objectClass": "System",
									"sid": 919667631031110,
									"parameters": {
										"variable": "DPHP",
										"value": "5"
									}
								},
								{
									"id": "set-text",
									"objectClass": "Hptext",
									"sid": 469613972883424,
									"parameters": {
										"text": "\"Lives = \" & DPHP"
									}
								}
							],
							"sid": 488735992844247
						}
					]
				},
				{
					"eventType": "block",
					"conditions": [
						{
							"id": "on-timer",
							"objectClass": "DP",
							"sid": 524993970327141,
							"behaviorType": "Timer",
							"parameters": {
								"tag": "\"duration\""
							}
						}
					],
					"actions": [
						{
							"id": "destroy",
							"objectClass": "swings",
							"sid": 992225467967290
						}
					],
					"sid": 932850211179303
				},
				{
					"eventType": "block",
					"conditions": [
						{
							"id": "on-timer",
							"objectClass": "DP",
							"sid": 647850237328832,
							"behaviorType": "Timer",
							"parameters": {
								"tag": "\"rngdur\""
							}
						}
					],
					"actions": [
						{
							"id": "destroy",
							"objectClass": "Dpguns",
							"sid": 132542593739911
						}
					],
					"sid": 715413729983622
				},
				{
					"eventType": "block",
					"conditions": [
						{
							"id": "on-timer",
							"objectClass": "DP",
							"sid": 717098457089031,
							"behaviorType": "Timer",
							"parameters": {
								"tag": "\"Dwave\""
							}
						}
					],
					"actions": [
						{
							"id": "destroy",
							"objectClass": "Ddark",
							"sid": 984383332328137
						}
					],
					"sid": 802988046876158
				},
				{
					"eventType": "block",
					"conditions": [
						{
							"id": "is-on-floor",
							"objectClass": "DP",
							"sid": 534621406554237,
							"behaviorType": "Platform"
						}
					],
					"actions": [
						{
							"id": "set-eventvar-value",
							"objectClass": "System",
							"sid": 978515155576892,
							"parameters": {
								"variable": "Jumpcount",
								"value": "0"
							}
						},
						{
							"id": "stop-timer",
							"objectClass": "DP",
							"sid": 671540837364655,
							"behaviorType": "Timer",
							"parameters": {
								"tag": "\"HasDashed\""
							}
						},
						{
							"id": "set-gravity",
							"objectClass": "DP",
							"sid": 486446403620361,
							"behaviorType": "Platform",
							"parameters": {
								"gravity": "1500"
							}
						},
						{
							"id": "set-max-fall-speed",
							"objectClass": "DP",
							"sid": 948829728080620,
							"behaviorType": "Platform",
							"parameters": {
								"max-fall-speed": "1000"
							}
						}
					],
					"sid": 959202756545594
				},
				{
					"eventType": "block",
					"conditions": [
						{
							"id": "is-on-floor",
							"objectClass": "DP",
							"sid": 693282725933321,
							"behaviorType": "Platform"
						},
						{
							"id": "is-timer-running",
							"objectClass": "DP",
							"sid": 590857736007788,
							"behaviorType": "Timer",
							"parameters": {
								"tag": "\"Dwave\""
							},
							"isInverted": true
						}
					],
					"actions": [
						{
							"id": "start-timer",
							"objectClass": "DP",
							"sid": 447599772211911,
							"behaviorType": "Timer",
							"parameters": {
								"duration": "0.5",
								"type": "once",
								"tag": "\"Dwave\""
							}
						}
					],
					"sid": 234298214478493
				},
				{
					"eventType": "block",
					"conditions": [
						{
							"id": "is-jumping",
							"objectClass": "DP",
							"sid": 737991555045993,
							"behaviorType": "Platform"
						},
						{
							"id": "compare-two-values",
							"objectClass": "System",
							"sid": 389131133609204,
							"parameters": {
								"first-value": "Jumpcount",
								"comparison": 5,
								"second-value": "1"
							}
						}
					],
					"actions": [
						{
							"id": "stop-timer",
							"objectClass": "DP",
							"sid": 349127179247021,
							"behaviorType": "Timer",
							"parameters": {
								"tag": "\"Dwave\""
							}
						},
						{
							"id": "set-animation",
							"objectClass": "DP",
							"sid": 376222424580511,
							"parameters": {
								"animation": "\"DP-jump\"",
								"from": "current-frame"
							}
						}
					],
					"sid": 236847249904787
				},
				{
					"eventType": "block",
					"conditions": [
						{
							"id": "is-falling",
							"objectClass": "DP",
							"sid": 772326550636543,
							"behaviorType": "Platform"
						}
					],
					"actions": [
						{
							"id": "set-animation",
							"objectClass": "DP",
							"sid": 760998648514887,
							"parameters": {
								"animation": "\"DP-idle\"",
								"from": "beginning"
							}
						}
					],
					"sid": 966147566616491
				},
				{
					"eventType": "block",
					"conditions": [
						{
							"id": "on-start-of-layout",
							"objectClass": "System",
							"sid": 715398823586126
						}
					],
					"actions": [
						{
							"id": "scroll-to-object",
							"objectClass": "System",
							"sid": 598483785749905,
							"parameters": {
								"object": "DP"
							}
						},
						{
							"id": "set-text",
							"objectClass": "Hptext",
							"sid": 706261170925114,
							"parameters": {
								"text": "\"Lives = \" & DPHP"
							}
						},
						{
							"id": "set-animation",
							"objectClass": "DP",
							"sid": 138735053446861,
							"parameters": {
								"animation": "\"DP-idle\"",
								"from": "current-frame"
							}
						}
					],
					"sid": 737548976491731
				},
				{
					"eventType": "block",
					"conditions": [
						{
							"id": "is-on-floor",
							"objectClass": "DP",
							"sid": 662594605942273,
							"behaviorType": "Platform"
						},
						{
							"id": "key-is-down",
							"objectClass": "Keyboard",
							"sid": 366026428851732,
							"parameters": {
								"key": 37
							},
							"isInverted": true
						},
						{
							"id": "key-is-down",
							"objectClass": "Keyboard",
							"sid": 580301163395335,
							"parameters": {
								"key": 39
							},
							"isInverted": true
						},
						{
							"id": "key-is-down",
							"objectClass": "Keyboard",
							"sid": 245827603153055,
							"parameters": {
								"key": 38
							},
							"isInverted": true
						},
						{
							"id": "key-is-down",
							"objectClass": "Keyboard",
							"sid": 328167366768717,
							"parameters": {
								"key": 40
							},
							"isInverted": true
						}
					],
					"actions": [
						{
							"id": "set-animation",
							"objectClass": "DP",
							"sid": 922276115154529,
							"parameters": {
								"animation": "\"DP-idle\"",
								"from": "current-frame"
							}
						}
					],
					"sid": 250974683286722
				},
				{
					"eventType": "block",
					"conditions": [
						{
							"id": "is-on-floor",
							"objectClass": "DP",
							"sid": 235332043222262,
							"behaviorType": "Platform"
						},
						{
							"id": "compare-two-values",
							"objectClass": "System",
							"sid": 651618160065879,
							"parameters": {
								"first-value": "Jumpcount",
								"comparison": 5,
								"second-value": "1"
							}
						}
					],
					"actions": [
						{
							"id": "set-animation",
							"objectClass": "DP",
							"sid": 153137610208595,
							"parameters": {
								"animation": "\"DP-idle\"",
								"from": "current-frame"
							}
						}
					],
					"sid": 921183134454952
				},
				{
					"eventType": "block",
					"conditions": [
						{
							"id": "on-key-pressed",
							"objectClass": "Keyboard",
							"sid": 335145383859531,
							"parameters": {
								"key": 39
							}
						},
						{
							"id": "is-on-floor",
							"objectClass": "DP",
							"sid": 800410984751242,
							"behaviorType": "Platform"
						}
					],
					"actions": [
						{
							"id": "set-animation",
							"objectClass": "DP",
							"sid": 102018515768751,
							"parameters": {
								"animation": "\"DP-walk\"",
								"from": "current-frame"
							}
						}
					],
					"sid": 725150450546803
				},
				{
					"eventType": "block",
					"conditions": [
						{
							"id": "on-key-pressed",
							"objectClass": "Keyboard",
							"sid": 618662783943631,
							"parameters": {
								"key": 37
							}
						},
						{
							"id": "is-on-floor",
							"objectClass": "DP",
							"sid": 869439993689290,
							"behaviorType": "Platform"
						}
					],
					"actions": [
						{
							"id": "set-animation",
							"objectClass": "DP",
							"sid": 684731343381211,
							"parameters": {
								"animation": "\"DP-walk\"",
								"from": "current-frame"
							}
						}
					],
					"sid": 263589785004890
				}
			],
			"sid": 783924907955553
		}
	],
	"sid": 189219683452785
}