{
	"name": "Music",
	"events": [
		{
			"eventType": "block",
			"conditions": [
				{
					"id": "on-start-of-layout",
					"objectClass": "System",
					"sid": 712281691899007
				}
			],
			"actions": [
				{
					"id": "play",
					"objectClass": "Audio",
					"sid": 575533180451458,
					"parameters": {
						"audio-file": "nivel hielo - base",
						"loop": "looping",
						"volume": "0",
						"stereo-pan": "0",
						"tag-optional": "\"base\""
					}
				},
				{
					"id": "play",
					"objectClass": "Audio",
					"sid": 138840049686165,
					"parameters": {
						"audio-file": "nivel hielo - enemigos",
						"loop": "looping",
						"volume": "-999999999999999",
						"stereo-pan": "0",
						"tag-optional": "\"baddies\""
					}
				}
			],
			"sid": 907534651125275
		},
		{
			"eventType": "block",
			"conditions": [
				{
					"id": "on-collision-with-another-object",
					"objectClass": "DoorCloser",
					"sid": 593263547633907,
					"parameters": {
						"object": "DP"
					}
				}
			],
			"actions": [
				{
					"id": "set-volume",
					"objectClass": "Audio",
					"sid": 942397183422904,
					"parameters": {
						"tag": "\"base\"",
						"db": "-999999999999999"
					}
				},
				{
					"id": "set-volume",
					"objectClass": "Audio",
					"sid": 647444841739766,
					"parameters": {
						"tag": "\"baddies\"",
						"db": "0"
					}
				},
				{
					"id": "destroy",
					"objectClass": "DoorCloser",
					"sid": 444294491490523
				}
			],
			"sid": 149886824030033
		},
		{
			"eventType": "block",
			"conditions": [
				{
					"id": "on-collision-with-another-object",
					"objectClass": "Music_off",
					"sid": 615154298072977,
					"parameters": {
						"object": "DP"
					}
				}
			],
			"actions": [
				{
					"id": "set-volume",
					"objectClass": "Audio",
					"sid": 463576419582945,
					"parameters": {
						"tag": "\"base\"",
						"db": "0"
					}
				},
				{
					"id": "set-volume",
					"objectClass": "Audio",
					"sid": 427969904182426,
					"parameters": {
						"tag": "\"baddies\"",
						"db": "-999999999999999"
					}
				},
				{
					"id": "destroy",
					"objectClass": "Music_off",
					"sid": 341537254273015
				}
			],
			"sid": 669223419288395
		}
	],
	"sid": 856405722058316
}