{
	"name": "Baddies",
	"events": [
		{
			"eventType": "group",
			"disabled": false,
			"title": "Baddies",
			"description": "",
			"isActiveOnStart": true,
			"children": [
				{
					"eventType": "group",
					"disabled": false,
					"title": "Spike",
					"description": "",
					"isActiveOnStart": true,
					"children": [
						{
							"eventType": "block",
							"conditions": [
								{
									"id": "on-collision-with-another-object",
									"objectClass": "Spike",
									"sid": 417758757459435,
									"parameters": {
										"object": "DP"
									}
								}
							],
							"actions": [
								{
									"id": "set-eventvar-value",
									"objectClass": "System",
									"sid": 675766563496882,
									"parameters": {
										"variable": "DPHP",
										"value": "0"
									}
								}
							],
							"sid": 559932734880760
						}
					],
					"sid": 913347863741320
				},
				{
					"eventType": "group",
					"disabled": false,
					"title": "Side Enemy",
					"description": "",
					"isActiveOnStart": true,
					"children": [
						{
							"eventType": "block",
							"conditions": [
								{
									"id": "every-x-seconds",
									"objectClass": "System",
									"sid": 254135534846969,
									"parameters": {
										"interval-seconds": "0.01"
									}
								}
							],
							"actions": [
								{
									"id": "move-forward",
									"objectClass": "Side_enemy",
									"sid": 238268048822540,
									"parameters": {
										"distance": "3"
									}
								}
							],
							"sid": 781642872453537
						},
						{
							"eventType": "block",
							"conditions": [
								{
									"id": "on-collision-with-another-object",
									"objectClass": "Side_enemy",
									"sid": 393359063948599,
									"parameters": {
										"object": "BonkboxR"
									}
								}
							],
							"actions": [
								{
									"id": "rotate-clockwise",
									"objectClass": "Side_enemy",
									"sid": 820243618309532,
									"parameters": {
										"degrees": "180"
									}
								},
								{
									"id": "set-flipped",
									"objectClass": "Side_enemy",
									"sid": 900514039816651,
									"parameters": {
										"state": "flipped"
									}
								}
							],
							"sid": 826013929172694
						},
						{
							"eventType": "block",
							"conditions": [
								{
									"id": "on-collision-with-another-object",
									"objectClass": "Side_enemy",
									"sid": 473499931545249,
									"parameters": {
										"object": "BonkboxL"
									}
								}
							],
							"actions": [
								{
									"id": "rotate-clockwise",
									"objectClass": "Side_enemy",
									"sid": 387042739815118,
									"parameters": {
										"degrees": "180"
									}
								},
								{
									"id": "set-flipped",
									"objectClass": "Side_enemy",
									"sid": 121198603483635,
									"parameters": {
										"state": "not-flipped"
									}
								}
							],
							"sid": 708748227672346
						},
						{
							"eventType": "block",
							"conditions": [
								{
									"id": "on-collision-with-another-object",
									"objectClass": "Side_enemy",
									"sid": 152584127722651,
									"parameters": {
										"object": "DP"
									}
								}
							],
							"actions": [
								{
									"callFunction": "Damage",
									"sid": 290201066897199
								}
							],
							"sid": 206994061573267
						}
					],
					"sid": 689659438550391
				},
				{
					"eventType": "group",
					"disabled": false,
					"title": "Shootguy",
					"description": "",
					"isActiveOnStart": true,
					"children": [
						{
							"eventType": "block",
							"conditions": [
								{
									"id": "has-los-to-object",
									"objectClass": "ShootyLilGuy",
									"sid": 934016378684804,
									"behaviorType": "LineOfSight",
									"parameters": {
										"object": "DP",
										"image-point": "0"
									}
								}
							],
							"actions": [],
							"sid": 307999508942433,
							"children": [
								{
									"eventType": "block",
									"conditions": [
										{
											"id": "every-x-seconds",
											"objectClass": "System",
											"sid": 267805799919006,
											"parameters": {
												"interval-seconds": "3"
											}
										}
									],
									"actions": [
										{
											"id": "spawn-another-object",
											"objectClass": "ShootyLilGuy",
											"sid": 869568679769514,
											"parameters": {
												"object": "gun",
												"layer": "0",
												"image-point": "1",
												"create-hierarchy": false,
												"template-name": "\"\""
											}
										}
									],
									"sid": 230591668300575,
									"children": [
										{
											"eventType": "block",
											"conditions": [
												{
													"id": "compare-two-values",
													"objectClass": "System",
													"sid": 466845536931143,
													"parameters": {
														"first-value": "ShootyLilGuy.X",
														"comparison": 2,
														"second-value": "DP.X"
													}
												}
											],
											"actions": [
												{
													"id": "set-angle",
													"objectClass": "gun",
													"sid": 683198402236321,
													"parameters": {
														"angle": "0"
													}
												},
												{
													"id": "set-mirrored",
													"objectClass": "ShootyLilGuy",
													"sid": 708047403834115,
													"parameters": {
														"state": "mirrored"
													}
												},
												{
													"id": "set-flipped",
													"objectClass": "gun",
													"sid": 960784317320006,
													"parameters": {
														"state": "not-flipped"
													}
												}
											],
											"sid": 565266395880901
										},
										{
											"eventType": "block",
											"conditions": [
												{
													"id": "compare-two-values",
													"objectClass": "System",
													"sid": 449013552974607,
													"parameters": {
														"first-value": "ShootyLilGuy.X",
														"comparison": 4,
														"second-value": "DP.X"
													}
												}
											],
											"actions": [
												{
													"id": "set-angle",
													"objectClass": "gun",
													"sid": 584370269993838,
													"parameters": {
														"angle": "180"
													}
												},
												{
													"id": "set-mirrored",
													"objectClass": "ShootyLilGuy",
													"sid": 942966702737070,
													"parameters": {
														"state": "not-mirrored"
													}
												},
												{
													"id": "set-flipped",
													"objectClass": "gun",
													"sid": 630556122464121,
													"parameters": {
														"state": "flipped"
													}
												}
											],
											"sid": 310858890542873
										}
									]
								}
							]
						},
						{
							"eventType": "block",
							"conditions": [
								{
									"id": "on-collision-with-another-object",
									"objectClass": "gun",
									"sid": 157083509399385,
									"parameters": {
										"object": "Suelo"
									}
								}
							],
							"actions": [
								{
									"id": "destroy",
									"objectClass": "gun",
									"sid": 789492191198292
								}
							],
							"sid": 504408911114785
						},
						{
							"eventType": "block",
							"conditions": [
								{
									"id": "on-collision-with-another-object",
									"objectClass": "gun",
									"sid": 491656079465713,
									"parameters": {
										"object": "DP"
									}
								}
							],
							"actions": [
								{
									"callFunction": "Damage",
									"sid": 690591592913566
								},
								{
									"id": "destroy",
									"objectClass": "gun",
									"sid": 805969999103453
								}
							],
							"sid": 858953482453265
						},
						{
							"eventType": "block",
							"conditions": [
								{
									"id": "on-collision-with-another-object",
									"objectClass": "ShootyLilGuy",
									"sid": 685036979024072,
									"parameters": {
										"object": "DP"
									}
								}
							],
							"actions": [
								{
									"callFunction": "Damage",
									"sid": 575256059772380
								}
							],
							"sid": 666610739504355
						}
					],
					"sid": 975599302807480
				},
				{
					"eventType": "group",
					"disabled": false,
					"title": "Flyguy",
					"description": "",
					"isActiveOnStart": true,
					"children": [
						{
							"eventType": "block",
							"conditions": [
								{
									"id": "on-start-of-layout",
									"objectClass": "System",
									"sid": 605147535888331
								}
							],
							"actions": [
								{
									"id": "spawn-another-object",
									"objectClass": "flyguy",
									"sid": 733987096580187,
									"parameters": {
										"object": "flyspawn",
										"layer": "1",
										"image-point": "0",
										"create-hierarchy": false,
										"template-name": "\"\""
									}
								}
							],
							"sid": 116605767850116
						},
						{
							"eventType": "block",
							"conditions": [
								{
									"id": "every-x-seconds",
									"objectClass": "System",
									"sid": 850496015378131,
									"parameters": {
										"interval-seconds": "3"
									}
								}
							],
							"actions": [],
							"sid": 670915443861768,
							"children": [
								{
									"eventType": "block",
									"conditions": [
										{
											"id": "has-los-to-object",
											"objectClass": "flyguy",
											"sid": 856058962055382,
											"behaviorType": "LineOfSight",
											"parameters": {
												"object": "DP",
												"image-point": "0"
											}
										}
									],
									"actions": [
										{
											"id": "set-range",
											"objectClass": "flyguy",
											"sid": 718608528114584,
											"behaviorType": "LineOfSight",
											"parameters": {
												"range": "0"
											}
										},
										{
											"id": "set-enabled",
											"objectClass": "flyguy",
											"sid": 876694105662814,
											"behaviorType": "Bullet",
											"parameters": {
												"state": "enabled"
											}
										},
										{
											"id": "start-timer",
											"objectClass": "flyguy",
											"sid": 192317827521057,
											"behaviorType": "Temporizador",
											"parameters": {
												"duration": "0.5",
												"type": "once",
												"tag": "\"wing\""
											}
										},
										{
											"id": "set-angle-of-motion",
											"objectClass": "flyguy",
											"sid": 311146184394718,
											"behaviorType": "Bullet",
											"parameters": {
												"angle": "angle(flyguy.X,flyguy.Y,DP.X,DP.Y)"
											}
										}
									],
									"sid": 354335480899696
								}
							]
						},
						{
							"eventType": "block",
							"conditions": [
								{
									"id": "on-timer",
									"objectClass": "flyguy",
									"sid": 435285801310631,
									"behaviorType": "Temporizador",
									"parameters": {
										"tag": "\"wing\""
									}
								}
							],
							"actions": [
								{
									"id": "set-enabled",
									"objectClass": "flyguy",
									"sid": 866282039690591,
									"behaviorType": "Bullet",
									"parameters": {
										"state": "disabled"
									}
								},
								{
									"id": "set-position-to-another-object",
									"objectClass": "flyguy",
									"sid": 313440384495919,
									"parameters": {
										"object": "flyspawn",
										"image-point-optional": "0"
									}
								},
								{
									"id": "set-range",
									"objectClass": "flyguy",
									"sid": 710882805485935,
									"behaviorType": "LineOfSight",
									"parameters": {
										"range": "10000"
									}
								}
							],
							"sid": 787511933572390
						},
						{
							"eventType": "block",
							"conditions": [
								{
									"id": "on-collision-with-another-object",
									"objectClass": "flyguy",
									"sid": 603821679098997,
									"parameters": {
										"object": "DP"
									}
								}
							],
							"actions": [
								{
									"callFunction": "Damage",
									"sid": 144105510416100
								}
							],
							"sid": 422215036822260
						}
					],
					"sid": 703965348983539
				},
				{
					"eventType": "group",
					"disabled": false,
					"title": "Spikeguy",
					"description": "",
					"isActiveOnStart": true,
					"children": [
						{
							"eventType": "block",
							"conditions": [
								{
									"id": "every-x-seconds",
									"objectClass": "System",
									"sid": 218670896105503,
									"parameters": {
										"interval-seconds": "0.01"
									}
								}
							],
							"actions": [
								{
									"id": "move-forward",
									"objectClass": "spikeguy",
									"sid": 523055366620480,
									"parameters": {
										"distance": "3"
									}
								}
							],
							"sid": 635494054530853
						},
						{
							"eventType": "block",
							"conditions": [
								{
									"id": "on-collision-with-another-object",
									"objectClass": "spikeguy",
									"sid": 148625655238843,
									"parameters": {
										"object": "BonkboxR"
									}
								}
							],
							"actions": [
								{
									"id": "rotate-clockwise",
									"objectClass": "spikeguy",
									"sid": 595466656812033,
									"parameters": {
										"degrees": "180"
									}
								},
								{
									"id": "set-flipped",
									"objectClass": "spikeguy",
									"sid": 809823594937388,
									"parameters": {
										"state": "flipped"
									}
								}
							],
							"sid": 718285876917322
						},
						{
							"eventType": "block",
							"conditions": [
								{
									"id": "on-collision-with-another-object",
									"objectClass": "spikeguy",
									"sid": 814524457952636,
									"parameters": {
										"object": "BonkboxL"
									}
								}
							],
							"actions": [
								{
									"id": "rotate-clockwise",
									"objectClass": "spikeguy",
									"sid": 669016695294467,
									"parameters": {
										"degrees": "180"
									}
								},
								{
									"id": "set-flipped",
									"objectClass": "spikeguy",
									"sid": 904336974789246,
									"parameters": {
										"state": "not-flipped"
									}
								}
							],
							"sid": 623475154666193
						},
						{
							"eventType": "block",
							"conditions": [
								{
									"id": "on-collision-with-another-object",
									"objectClass": "spikeguy",
									"sid": 771129642357051,
									"parameters": {
										"object": "DP"
									}
								}
							],
							"actions": [
								{
									"callFunction": "Damage",
									"sid": 909624102404742
								}
							],
							"sid": 792869160686188
						},
						{
							"eventType": "block",
							"conditions": [
								{
									"id": "on-collision-with-another-object",
									"objectClass": "spikeguy",
									"sid": 517021223623971,
									"parameters": {
										"object": "swingnotimer"
									}
								}
							],
							"actions": [
								{
									"callFunction": "Damage",
									"sid": 925284576937074
								}
							],
							"sid": 386062605071462
						},
						{
							"eventType": "block",
							"conditions": [
								{
									"id": "on-collision-with-another-object",
									"objectClass": "spikeguy",
									"sid": 639197877546762,
									"parameters": {
										"object": "Dpguns"
									}
								}
							],
							"actions": [
								{
									"id": "destroy",
									"objectClass": "spikeguy",
									"sid": 634855520435838
								}
							],
							"sid": 581828373080287
						}
					],
					"sid": 659928191877833
				},
				{
					"eventType": "block",
					"conditions": [
						{
							"id": "on-start-of-layout",
							"objectClass": "System",
							"sid": 593476851512193
						}
					],
					"actions": [
						{
							"id": "move-to-layer",
							"objectClass": "BonkboxL",
							"sid": 379562007319540,
							"parameters": {
								"layer": "1"
							}
						},
						{
							"id": "move-to-layer",
							"objectClass": "BonkboxR",
							"sid": 145113387533702,
							"parameters": {
								"layer": "1"
							}
						}
					],
					"sid": 589611734670208
				}
			],
			"sid": 246233224508361
		}
	],
	"sid": 316231835786171
}