{
	"name": "MainMenuES",
	"events": [
		{
			"eventType": "block",
			"conditions": [
				{
					"id": "on-object-clicked",
					"objectClass": "Mouse",
					"sid": 803165405412386,
					"parameters": {
						"mouse-button": "left",
						"click-type": "clicked",
						"object-clicked": "btnPlay"
					}
				}
			],
			"actions": [
				{
					"id": "go-to-layout",
					"objectClass": "System",
					"sid": 861008652463605,
					"parameters": {
						"layout": "Primer Nivel"
					}
				}
			],
			"sid": 560195346271969
		},
		{
			"eventType": "block",
			"conditions": [
				{
					"id": "on-object-clicked",
					"objectClass": "Mouse",
					"sid": 990291670819200,
					"parameters": {
						"mouse-button": "left",
						"click-type": "clicked",
						"object-clicked": "btnCredits"
					}
				}
			],
			"actions": [
				{
					"id": "go-to-layout",
					"objectClass": "System",
					"sid": 735399907770904,
					"parameters": {
						"layout": "CreditsLayout"
					}
				}
			],
			"sid": 654519465247812
		},
		{
			"eventType": "block",
			"conditions": [
				{
					"id": "on-object-clicked",
					"objectClass": "Mouse",
					"sid": 325884519588507,
					"parameters": {
						"mouse-button": "left",
						"click-type": "clicked",
						"object-clicked": "btnExit"
					}
				}
			],
			"actions": [
				{
					"id": "close",
					"objectClass": "Browser",
					"sid": 744826176288200
				}
			],
			"sid": 622307964857122
		}
	],
	"sid": 365674894205344
}