{
	"name": "Objects",
	"events": [
		{
			"eventType": "comment",
			"text": "Plataformas destructibles. Para cambiar el tiempo que tardan en destruirse es tan sencillo como cambiar la parte que dice Start Timer \"destruir\" for 1      El 1 son los segundos que tarda en destruirse"
		},
		{
			"eventType": "group",
			"disabled": false,
			"title": "Plataformas destructibles",
			"description": "",
			"isActiveOnStart": true,
			"children": [
				{
					"eventType": "block",
					"conditions": [
						{
							"id": "on-collision-with-another-object",
							"objectClass": "DP",
							"sid": 562037798249570,
							"parameters": {
								"object": "DestroyableFloor"
							}
						}
					],
					"actions": [
						{
							"id": "set-boolean-instvar",
							"objectClass": "DestroyableFloor",
							"sid": 679601680160178,
							"parameters": {
								"instance-variable": "haSidoPisada",
								"value": "true"
							}
						},
						{
							"id": "start-timer",
							"objectClass": "DestroyableFloor",
							"sid": 713670876282424,
							"behaviorType": "Timer",
							"parameters": {
								"duration": "1",
								"type": "once",
								"tag": "\"destruir\""
							}
						},
						{
							"id": "set-active",
							"objectClass": "DestroyableFloor",
							"sid": 270311790894249,
							"behaviorType": "Sine",
							"parameters": {
								"state": "active"
							}
						}
					],
					"sid": 984783940411301,
					"children": [
						{
							"eventType": "block",
							"conditions": [
								{
									"id": "is-on-floor",
									"objectClass": "DP",
									"sid": 132657593218751,
									"behaviorType": "Platform"
								}
							],
							"actions": [],
							"sid": 756972330961126
						},
						{
							"eventType": "block",
							"conditions": [
								{
									"id": "is-boolean-instance-variable-set",
									"objectClass": "DestroyableFloor",
									"sid": 994580534225030,
									"parameters": {
										"instance-variable": "haSidoPisada"
									},
									"isInverted": true
								}
							],
							"actions": [],
							"sid": 346741278893514
						},
						{
							"eventType": "block",
							"conditions": [
								{
									"id": "trigger-once-while-true",
									"objectClass": "System",
									"sid": 600024128176723
								}
							],
							"actions": [],
							"sid": 942538172856595
						}
					]
				},
				{
					"eventType": "block",
					"conditions": [
						{
							"id": "on-timer",
							"objectClass": "DestroyableFloor",
							"sid": 705406627094273,
							"behaviorType": "Timer",
							"parameters": {
								"tag": "\"destruir\""
							}
						}
					],
					"actions": [
						{
							"id": "destroy",
							"objectClass": "DestroyableFloor",
							"sid": 146517548414986
						}
					],
					"sid": 378427981938809
				}
			],
			"sid": 601475738905367
		},
		{
			"eventType": "group",
			"disabled": true,
			"title": "Columna móvil",
			"description": "",
			"isActiveOnStart": true,
			"children": [
				{
					"eventType": "comment",
					"text": "Columna móvil"
				},
				{
					"functionName": "IniciarSubida",
					"functionDescription": "",
					"functionCategory": "",
					"functionReturnType": "none",
					"functionCopyPicked": false,
					"functionIsAsync": false,
					"functionParameters": [],
					"eventType": "function-block",
					"conditions": [],
					"actions": [
						{
							"id": "tween-one-property",
							"objectClass": "columnaMovil",
							"sid": 808447460669762,
							"behaviorType": "Tween",
							"parameters": {
								"tags": "\"subir\"",
								"property": "offsetY",
								"end-value": "columnaMovil.Y_onTop",
								"time": "1.5",
								"ease": "default",
								"destroy-on-complete": "no",
								"loop": "no",
								"ping-pong": "no",
								"repeat-count": "1"
							}
						},
						{
							"id": "set-position",
							"objectClass": "pinchosColumna",
							"sid": 851743454334448,
							"parameters": {
								"x": "columnaMovil.X",
								"y": "columnaMovil.Y"
							}
						}
					],
					"sid": 545388067938839,
					"disabled": true
				},
				{
					"functionName": "IniciarBajada",
					"functionDescription": "",
					"functionCategory": "",
					"functionReturnType": "none",
					"functionCopyPicked": false,
					"functionIsAsync": false,
					"functionParameters": [],
					"eventType": "function-block",
					"conditions": [],
					"actions": [
						{
							"id": "set-position-to-another-object",
							"objectClass": "pinchosColumna",
							"sid": 870652041852625,
							"parameters": {
								"object": "columnaMovil",
								"image-point-optional": "0"
							}
						},
						{
							"id": "tween-one-property",
							"objectClass": "columnaMovil",
							"sid": 592831437111165,
							"behaviorType": "Tween",
							"parameters": {
								"tags": "\"bajar\"",
								"property": "offsetY",
								"end-value": "columnaMovil.Y_onBottom",
								"time": "1.5",
								"ease": "default",
								"destroy-on-complete": "no",
								"loop": "no",
								"ping-pong": "no",
								"repeat-count": "1"
							}
						}
					],
					"sid": 911036506861918,
					"disabled": true
				},
				{
					"eventType": "block",
					"conditions": [
						{
							"id": "on-start-of-layout",
							"objectClass": "System",
							"sid": 745126107866264
						}
					],
					"actions": [
						{
							"id": "set-instvar-value",
							"objectClass": "columnaMovil",
							"sid": 991981695041468,
							"parameters": {
								"instance-variable": "Y_onBottom",
								"value": "columnaMovil.Y"
							}
						},
						{
							"id": "set-instvar-value",
							"objectClass": "columnaMovil",
							"sid": 543098286924107,
							"parameters": {
								"instance-variable": "Y_onTop",
								"value": "columnaMovil.Y - 300"
							}
						},
						{
							"callFunction": "IniciarSubida",
							"sid": 118869934949050
						}
					],
					"sid": 329573542632204,
					"disabled": true
				},
				{
					"eventType": "block",
					"conditions": [
						{
							"id": "on-tweens-finished",
							"objectClass": "columnaMovil",
							"sid": 480791752734293,
							"behaviorType": "Tween",
							"parameters": {
								"tags": "\"subir\""
							}
						}
					],
					"actions": [
						{
							"id": "wait",
							"objectClass": "System",
							"sid": 554686080890459,
							"parameters": {
								"seconds": "1.5",
								"use-timescale": true
							}
						},
						{
							"callFunction": "IniciarBajada",
							"sid": 613520234202511
						}
					],
					"sid": 250227069183380,
					"disabled": true
				},
				{
					"eventType": "block",
					"conditions": [
						{
							"id": "on-tweens-finished",
							"objectClass": "columnaMovil",
							"sid": 786027680054207,
							"behaviorType": "Tween",
							"parameters": {
								"tags": "\"bajar\""
							}
						}
					],
					"actions": [
						{
							"id": "wait",
							"objectClass": "System",
							"sid": 122606248310967,
							"parameters": {
								"seconds": "1.5",
								"use-timescale": true
							}
						},
						{
							"callFunction": "IniciarSubida",
							"sid": 830377339812391
						}
					],
					"sid": 154664820026089,
					"disabled": true
				}
			],
			"sid": 151239314428562
		},
		{
			"eventType": "group",
			"disabled": false,
			"title": "Muros Destructibles",
			"description": "",
			"isActiveOnStart": true,
			"children": [
				{
					"eventType": "block",
					"conditions": [
						{
							"id": "on-collision-with-another-object",
							"objectClass": "DP",
							"sid": 301292986990563,
							"parameters": {
								"object": "WallBreak"
							}
						},
						{
							"id": "is-timer-running",
							"objectClass": "DP",
							"sid": 752659803289393,
							"behaviorType": "Timer",
							"parameters": {
								"tag": "\"Dash\""
							}
						}
					],
					"actions": [
						{
							"id": "destroy",
							"objectClass": "WallBreak",
							"sid": 929318876592904
						}
					],
					"sid": 975627398740155
				}
			],
			"sid": 907289878722344
		},
		{
			"eventType": "group",
			"disabled": false,
			"title": "Columna Móvil independiente",
			"description": "",
			"isActiveOnStart": true,
			"children": [
				{
					"eventType": "block",
					"conditions": [
						{
							"id": "on-start-of-layout",
							"objectClass": "System",
							"sid": 341053616994904
						}
					],
					"actions": [],
					"sid": 565862377659837,
					"children": [
						{
							"eventType": "block",
							"conditions": [
								{
									"id": "for-each",
									"objectClass": "System",
									"sid": 962383805419592,
									"parameters": {
										"object": "columnaMovil"
									}
								}
							],
							"actions": [
								{
									"id": "set-instvar-value",
									"objectClass": "columnaMovil",
									"sid": 956272619280684,
									"parameters": {
										"instance-variable": "StartY",
										"value": "columnaMovil.Y"
									}
								},
								{
									"id": "set-instvar-value",
									"objectClass": "columnaMovil",
									"sid": 781258290730565,
									"parameters": {
										"instance-variable": "TargetY",
										"value": "columnaMovil.Y + columnaMovil.MoverPx_Y"
									}
								},
								{
									"id": "tween-one-property",
									"objectClass": "columnaMovil",
									"sid": 542446584150151,
									"behaviorType": "Tween",
									"parameters": {
										"tags": "\"mover\"",
										"property": "offsetY",
										"end-value": "columnaMovil.targetY",
										"time": "columnaMovil.DuracionMovimiento",
										"ease": "noease",
										"destroy-on-complete": "no",
										"loop": "no",
										"ping-pong": "no",
										"repeat-count": "1"
									}
								}
							],
							"sid": 919494715787846
						}
					]
				},
				{
					"eventType": "block",
					"conditions": [
						{
							"id": "on-tweens-finished",
							"objectClass": "columnaMovil",
							"sid": 254156290225282,
							"behaviorType": "Tween",
							"parameters": {
								"tags": "\"mover\""
							}
						}
					],
					"actions": [
						{
							"id": "wait",
							"objectClass": "System",
							"sid": 416052567744132,
							"parameters": {
								"seconds": "columnaMovil.TiempoEspera",
								"use-timescale": true
							}
						},
						{
							"id": "tween-one-property",
							"objectClass": "columnaMovil",
							"sid": 503267945255848,
							"behaviorType": "Tween",
							"parameters": {
								"tags": "\"volver\"",
								"property": "offsetY",
								"end-value": "columnaMovil.startY",
								"time": "columnaMovil.DuracionMovimiento",
								"ease": "noease",
								"destroy-on-complete": "no",
								"loop": "no",
								"ping-pong": "no",
								"repeat-count": "1"
							}
						}
					],
					"sid": 169796881168331
				},
				{
					"eventType": "block",
					"conditions": [
						{
							"id": "on-tweens-finished",
							"objectClass": "columnaMovil",
							"sid": 907543087367301,
							"behaviorType": "Tween",
							"parameters": {
								"tags": "\"volver\""
							}
						}
					],
					"actions": [
						{
							"id": "wait",
							"objectClass": "System",
							"sid": 522659722530523,
							"parameters": {
								"seconds": "columnaMovil.TiempoEspera",
								"use-timescale": true
							}
						},
						{
							"id": "tween-one-property",
							"objectClass": "columnaMovil",
							"sid": 786992519464829,
							"behaviorType": "Tween",
							"parameters": {
								"tags": "\"mover\"",
								"property": "offsetY",
								"end-value": "columnaMovil.targetY",
								"time": "columnaMovil.DuracionMovimiento",
								"ease": "noease",
								"destroy-on-complete": "no",
								"loop": "no",
								"ping-pong": "no",
								"repeat-count": "1"
							}
						}
					],
					"sid": 228478490154838
				}
			],
			"sid": 966445909689988
		},
		{
			"eventType": "group",
			"disabled": false,
			"title": "Puerta barras",
			"description": "Puerta de la zona de enemigos",
			"isActiveOnStart": true,
			"children": [
				{
					"eventType": "block",
					"conditions": [
						{
							"id": "on-collision-with-another-object",
							"objectClass": "DP",
							"sid": 759310337840940,
							"parameters": {
								"object": "DoorTriger"
							}
						}
					],
					"actions": [
						{
							"id": "destroy",
							"objectClass": "Door",
							"sid": 226579746016164
						}
					],
					"sid": 248072484090403
				},
				{
					"eventType": "block",
					"conditions": [
						{
							"id": "on-collision-with-another-object",
							"objectClass": "DP",
							"sid": 359588400547232,
							"parameters": {
								"object": "DoorCloser"
							}
						}
					],
					"actions": [
						{
							"id": "spawn-another-object",
							"objectClass": "DoorSpawner",
							"sid": 851366540984745,
							"parameters": {
								"object": "Door",
								"layer": "0",
								"image-point": "0",
								"create-hierarchy": false,
								"template-name": "\"spawnearPuerta\""
							}
						}
					],
					"sid": 140082731787239
				},
				{
					"eventType": "block",
					"conditions": [
						{
							"id": "on-collision-with-another-object",
							"objectClass": "DP",
							"sid": 890624935432928,
							"parameters": {
								"object": "DoorOpener"
							}
						}
					],
					"actions": [
						{
							"id": "destroy",
							"objectClass": "Door2",
							"sid": 960041384283009
						},
						{
							"id": "destroy",
							"objectClass": "Door",
							"sid": 945228518063454
						}
					],
					"sid": 627728928347128
				}
			],
			"sid": 799248514693439
		}
	],
	"sid": 475392875276273
}