{
	"name": "Omnicode",
	"events": [
		{
			"eventType": "include",
			"includeSheet": "Test2ES"
		},
		{
			"eventType": "include",
			"includeSheet": "Baddies"
		},
		{
			"eventType": "include",
			"includeSheet": "DP"
		},
		{
			"eventType": "variable",
			"name": "Jumpcount",
			"type": "number",
			"initialValue": "0",
			"comment": "",
			"isStatic": false,
			"isConstant": false,
			"sid": 363919266741081
		},
		{
			"eventType": "variable",
			"name": "DPHP",
			"type": "number",
			"initialValue": "5",
			"comment": "The players HP",
			"isStatic": false,
			"isConstant": false,
			"sid": 522708351193272
		},
		{
			"eventType": "variable",
			"name": "IsDash",
			"type": "boolean",
			"initialValue": "false",
			"comment": "",
			"isStatic": false,
			"isConstant": false,
			"sid": 923018724700376
		}
	],
	"sid": 740962681258430
}