[["DP",{"animations":"{\"expanded\":true,\"subfolders\":[]}"}],["ShootyLilGuy",{}],["Side_enemy",{"animations":"{\"expanded\":true,\"subfolders\":[]}"}],["gun",{}],["flyguy",{}],["spikeguy",{}],["Test_floor",{"animations":"{\"expanded\":true,\"subfolders\":[]}"}],["BonkboxR",{"animations":"{\"expanded\":true,\"subfolders\":[]}"}],["BonkboxL",{"animations":"{\"expanded\":true,\"subfolders\":[]}"}],["Damage",{"animations":"{\"expanded\":true,\"subfolders\":[]}"}],["flyspawn",{}],["swingL",{"animations":"{\"expanded\":true,\"subfolders\":[]}"}],["DPgunR",{}],["DPgunL",{}],["btnCredits",{}],["btnExit",{}],["btnGoBack",{}],["btnPlay",{}],["CreditsLayer",{}],["FondoHomeScreen",{}],["TextCredits",{}],["TextCredits2",{}],["TextExit",{}],["TextGameTitle",{}],["TextGoBack",{}],["TextPlay",{}],["Mouse",{}],["Keyboard",{}],["Browser",{}],["DestroyableFloor",{"animations":"{\"expanded\":true,\"subfolders\":[]}"}],["columnaMovil",{"animations":"{\"expanded\":true,\"subfolders\":[]}"}],["pinchosColumna",{"animations":"{\"expanded\":true,\"subfolders\":[]}"}],["heal",{"animations":"{\"expanded\":true,\"subfolders\":[]}"}],["upswing",{"animations":"{\"expanded\":true,\"subfolders\":[]}"}],["Hptext",{}],["downswing",{"animations":"{\"expanded\":true,\"subfolders\":[]}"}],["SwingR",{"animations":"{\"expanded\":true,\"subfolders\":[]}"}],["Ddark",{"animations":"{\"expanded\":true,\"subfolders\":[]}"}],["Damage2",{"animations":"{\"expanded\":true,\"subfolders\":[]}"}],["WallBreak",{}],["Spike",{"animations":"{\"expanded\":true,\"subfolders\":[]}"}]]