{"propertiesBar":{"properties":[{"name":"About","expanded":true,"children":[]},{"name":"Colors","expanded":true,"children":[]},{"name":"Startup","expanded":true,"children":[]},{"name":"Display","expanded":true,"children":[{"name":"Viewport size","expanded":false,"children":[]}]},{"name":"Advanced","expanded":true,"children":[]},{"name":"Editor","expanded":true,"children":[]}],"scrollPosition":0},"openTabs":{"active":{"name":"Test","type":"layout"},"open":[{"name":"MainMenu","type":"layout"},{"name":"MainMenuES","type":"eventSheet"},{"name":"Prefab","type":"layout"},{"name":"Test","type":"layout"},{"name":"Omnicode","type":"eventSheet"},{"name":"Test2","type":"layout"},{"name":"Test2ES","type":"eventSheet"},{"name":"Primer Nivel","type":"layout"}]},"previewEffects":true,"pauseOnUnfocus":false,"projectBar":{"name":"<root>","children":[{"name":"Main Menu Axecension","expanded":true,"children":[{"name":"Layouts","expanded":true,"children":[{"name":"MainMenu","expanded":true,"children":[]},{"name":"CreditsLayout","expanded":true,"children":[]},{"name":"Test","expanded":true,"children":[]},{"name":"Prefab","expanded":true,"children":[]},{"name":"Test2","expanded":true,"children":[]},{"name":"Primer Nivel","expanded":true,"children":[]}]},{"name":"Event sheets","expanded":false,"children":[{"name":"CreditsES","expanded":true,"children":[]},{"name":"MainMenuES","expanded":true,"children":[]},{"name":"Omnicode","expanded":true,"children":[]},{"name":"Test2ES","expanded":true,"children":[]}]},{"name":"Scripts","expanded":true,"children":[]},{"name":"Object types","expanded":true,"children":[{"name":"Baddies","expanded":true,"children":[{"name":"flyguy","expanded":true,"children":[]},{"name":"gun","expanded":true,"children":[]},{"name":"ShootyLilGuy","expanded":true,"children":[]},{"name":"Side_enemy","expanded":true,"children":[]},{"name":"Spike","expanded":true,"children":[]},{"name":"spikeguy","expanded":true,"children":[]}]},{"name":"Control","expanded":false,"children":[{"name":"Browser","expanded":true,"children":[]},{"name":"Keyboard","expanded":true,"children":[]},{"name":"Mouse","expanded":true,"children":[]}]},{"name":"Design","expanded":true,"children":[{"name":"columnaMovil","expanded":true,"children":[{"name":"columnaMovil","expanded":true,"children":[]},{"name":"pinchosColumna","expanded":true,"children":[]}]},{"name":"Enemy props","expanded":true,"children":[{"name":"BonkboxL","expanded":true,"children":[]},{"name":"BonkboxR","expanded":true,"children":[]},{"name":"flyspawn","expanded":true,"children":[]}]},{"name":"Damage","expanded":true,"children":[]},{"name":"Damage2","expanded":true,"children":[]},{"name":"DestroyableFloor","expanded":true,"children":[]},{"name":"Hptext","expanded":true,"children":[]},{"name":"Test_floor","expanded":true,"children":[]},{"name":"WallBreak","expanded":true,"children":[]}]},{"name":"Friendlies","expanded":true,"children":[{"name":"Ddark","expanded":true,"children":[]},{"name":"downswing","expanded":true,"children":[]},{"name":"DP","expanded":true,"children":[]},{"name":"DPgunL","expanded":true,"children":[]},{"name":"DPgunR","expanded":true,"children":[]},{"name":"heal","expanded":true,"children":[]},{"name":"swingL","expanded":true,"children":[]},{"name":"SwingR","expanded":true,"children":[]},{"name":"upswing","expanded":true,"children":[]}]},{"name":"Main Menu","expanded":false,"children":[{"name":"btnCredits","expanded":true,"children":[]},{"name":"btnExit","expanded":true,"children":[]},{"name":"btnGoBack","expanded":true,"children":[]},{"name":"btnPlay","expanded":true,"children":[]},{"name":"CreditsLayer","expanded":true,"children":[]},{"name":"FondoHomeScreen","expanded":true,"children":[]},{"name":"TextCredits","expanded":true,"children":[]},{"name":"TextCredits2","expanded":true,"children":[]},{"name":"TextExit","expanded":true,"children":[]},{"name":"TextGameTitle","expanded":true,"children":[]},{"name":"TextGoBack","expanded":true,"children":[]},{"name":"TextPlay","expanded":true,"children":[]}]}]},{"name":"Families","expanded":true,"children":[{"name":"Baddies","expanded":false,"children":[{"name":"flyguy","expanded":true,"children":[]},{"name":"gun","expanded":true,"children":[]},{"name":"ShootyLilGuy","expanded":true,"children":[]},{"name":"Side_enemy","expanded":true,"children":[]}]},{"name":"Dpguns","expanded":false,"children":[{"name":"DPgunL","expanded":true,"children":[]},{"name":"DPgunR","expanded":true,"children":[]}]},{"name":"Suelo","expanded":false,"children":[{"name":"Test_floor","expanded":true,"children":[]}]},{"name":"swingnotimer","expanded":false,"children":[{"name":"Ddark","expanded":true,"children":[]},{"name":"downswing","expanded":true,"children":[]},{"name":"swingL","expanded":true,"children":[]},{"name":"SwingR","expanded":true,"children":[]},{"name":"upswing","expanded":true,"children":[]}]},{"name":"swings","expanded":false,"children":[{"name":"downswing","expanded":true,"children":[]},{"name":"swingL","expanded":true,"children":[]},{"name":"SwingR","expanded":true,"children":[]},{"name":"upswing","expanded":true,"children":[]}]}]},{"name":"Timelines","expanded":true,"children":[{"name":"Eases","expanded":false,"children":[]},{"name":"Timeline 1","expanded":true,"children":[]}]},{"name":"Flowcharts","expanded":true,"children":[{"name":"Flowchart 1","expanded":true,"children":[]}]},{"name":"Sounds","expanded":true,"children":[]},{"name":"Music","expanded":true,"children":[]},{"name":"Videos","expanded":true,"children":[]},{"name":"Fonts","expanded":true,"children":[]},{"name":"Icons & screenshots","expanded":false,"children":[{"name":"icon-128.png","expanded":true,"children":[]},{"name":"icon-16.png","expanded":true,"children":[]},{"name":"icon-256.png","expanded":true,"children":[]},{"name":"icon-32.png","expanded":true,"children":[]},{"name":"icon-512.png","expanded":true,"children":[]},{"name":"icon-64.png","expanded":true,"children":[]},{"name":"loading-logo.png","expanded":true,"children":[]}]},{"name":"Files","expanded":true,"children":[]}]}]},"propertiesBarActiveObject":{"name":"Test","type":"layout"}}