{
	"name": "flyguy",
	"plugin-id": "Sprite",
	"sid": 836718146745039,
	"isGlobal": false,
	"editorNewInstanceIsReplica": true,
	"instanceVariables": [],
	"behaviorTypes": [
		{
			"behaviorId": "LOS",
			"name": "LineOfSight",
			"sid": 811424866745172
		},
		{
			"behaviorId": "Bullet",
			"name": "Bullet",
			"sid": 105865501461731
		},
		{
			"behaviorId": "Timer",
			"name": "Temporizador",
			"sid": 465701260983061
		}
	],
	"effectTypes": [],
	"animations": {
		"items": [
			{
				"frames": [
					{
						"width": 49,
						"height": 43,
						"originX": 0.6176593086214077,
						"originY": 0.413196322336398,
						"originalSource": "",
						"exportFormat": "lossless",
						"exportQuality": 0.8,
						"fileType": "image/png",
						"imageSpriteId": 5574450,
						"collisionPoly": {
							"points": [
								0.32444814660558097,
								0,
								1,
								0,
								1,
								0,
								1,
								0.0670632774472688,
								0.7509371095376925,
								1,
								0.48438150770512284,
								1,
								0.27113702623906705,
								0.9323958896700919,
								0,
								0.0670632774472688,
								0,
								0,
								0.05789254477301124,
								0
							]
						},
						"useCollisionPoly": true,
						"duration": 1,
						"tag": ""
					},
					{
						"width": 64,
						"height": 64,
						"originX": 0.5,
						"originY": 0.5,
						"originalSource": "",
						"exportFormat": "lossless",
						"exportQuality": 0.8,
						"fileType": "image/png",
						"imageSpriteId": 7517086,
						"collisionPoly": {
							"points": [
								0.171875,
								0.203125,
								0.765625,
								0.21875,
								0.796875,
								0.25,
								0.828125,
								0.328125,
								0.578125,
								0.84375,
								0.421875,
								0.84375,
								0.296875,
								0.734375,
								0.09375,
								0.328125,
								0.109375,
								0.28125
							]
						},
						"useCollisionPoly": true,
						"duration": 1,
						"tag": ""
					},
					{
						"width": 64,
						"height": 64,
						"originX": 0.5,
						"originY": 0.5,
						"originalSource": "",
						"exportFormat": "lossless",
						"exportQuality": 0.8,
						"fileType": "image/png",
						"imageSpriteId": 5017871,
						"collisionPoly": {
							"points": [
								0.328125,
								0.234375,
								0.515625,
								0.234375,
								0.9375,
								0.53125,
								0.96875,
								0.59375,
								0.578125,
								0.875,
								0.421875,
								0.875,
								0.03125,
								0.609375,
								0.03125,
								0.5625
							]
						},
						"useCollisionPoly": true,
						"duration": 1,
						"tag": ""
					},
					{
						"width": 64,
						"height": 64,
						"originX": 0.5,
						"originY": 0.5,
						"originalSource": "",
						"exportFormat": "lossless",
						"exportQuality": 0.8,
						"fileType": "image/png",
						"imageSpriteId": 4032157,
						"collisionPoly": {
							"points": [
								0.328125,
								0.234375,
								0.515625,
								0.234375,
								0.796875,
								0.40625,
								0.9375,
								0.515625,
								0.96875,
								0.578125,
								0.578125,
								0.875,
								0.421875,
								0.875,
								0.03125,
								0.59375,
								0.03125,
								0.546875
							]
						},
						"useCollisionPoly": true,
						"duration": 1,
						"tag": ""
					}
				],
				"sid": 226356871908496,
				"name": "vuelo-flyer",
				"isLooping": true,
				"isPingPong": false,
				"repeatCount": 1,
				"repeatTo": 0,
				"speed": 2
			},
			{
				"frames": [
					{
						"width": 64,
						"height": 64,
						"originX": 0.5,
						"originY": 0.5,
						"originalSource": "",
						"exportFormat": "lossless",
						"exportQuality": 0.8,
						"fileType": "image/png",
						"imageSpriteId": 260760,
						"collisionPoly": {
							"points": [
								0.59375,
								0.140625,
								0.828125,
								0.15625,
								0.875,
								0.34375,
								0.671875,
								0.578125,
								0.453125,
								0.71875,
								0.390625,
								0.75,
								0.328125,
								0.75,
								0.265625,
								0.71875,
								0.21875,
								0.65625,
								0.21875,
								0.5625,
								0.234375,
								0.484375,
								0.265625,
								0.421875
							]
						},
						"useCollisionPoly": true,
						"duration": 1,
						"tag": ""
					}
				],
				"sid": 133048076256096,
				"name": "attack",
				"isLooping": true,
				"isPingPong": false,
				"repeatCount": 1,
				"repeatTo": 0,
				"speed": 0
			}
		],
		"subfolders": []
	}
}