{
	"name": "gun",
	"plugin-id": "Sprite",
	"sid": 136390628874603,
	"isGlobal": false,
	"editorNewInstanceIsReplica": true,
	"instanceVariables": [],
	"behaviorTypes": [
		{
			"behaviorId": "Bullet",
			"name": "Bullet",
			"sid": 877671964086436
		}
	],
	"effectTypes": [],
	"animations": {
		"items": [
			{
				"frames": [
					{
						"width": 32,
						"height": 32,
						"originX": 0.5,
						"originY": 0.5,
						"originalSource": "",
						"exportFormat": "lossless",
						"exportQuality": 0.8,
						"fileType": "image/png",
						"imageSpriteId": 7305774,
						"collisionPoly": {
							"points": [
								0.84375,
								0.1875,
								0.9375,
								0.28125,
								1,
								0.40625,
								1,
								0.59375,
								0.9375,
								0.71875,
								0.84375,
								0.8125,
								0.71875,
								0.875,
								0.53125,
								0.875,
								0.28125,
								0.8125,
								0.03125,
								0.71875,
								0,
								0.6875,
								0,
								0.625,
								0.0625,
								0.21875,
								0.09375,
								0.1875,
								0.53125,
								0.125,
								0.71875,
								0.125
							]
						},
						"useCollisionPoly": true,
						"duration": 1,
						"tag": ""
					},
					{
						"width": 32,
						"height": 32,
						"originX": 0.5,
						"originY": 0.5,
						"originalSource": "",
						"exportFormat": "lossless",
						"exportQuality": 0.8,
						"fileType": "image/png",
						"imageSpriteId": 4282204,
						"collisionPoly": {
							"points": [
								0.84375,
								0.1875,
								0.9375,
								0.28125,
								1,
								0.40625,
								1,
								0.59375,
								0.9375,
								0.71875,
								0.84375,
								0.8125,
								0.71875,
								0.875,
								0.53125,
								0.875,
								0.09375,
								0.78125,
								0.0625,
								0.75,
								0,
								0.65625,
								0.0625,
								0.40625,
								0.15625,
								0.21875,
								0.1875,
								0.1875,
								0.53125,
								0.125,
								0.71875,
								0.125
							]
						},
						"useCollisionPoly": true,
						"duration": 1,
						"tag": ""
					},
					{
						"width": 32,
						"height": 32,
						"originX": 0.5,
						"originY": 0.5,
						"originalSource": "",
						"exportFormat": "lossless",
						"exportQuality": 0.8,
						"fileType": "image/png",
						"imageSpriteId": 8606150,
						"collisionPoly": {
							"points": [
								0.84375,
								0.1875,
								0.9375,
								0.28125,
								1,
								0.40625,
								1,
								0.59375,
								0.9375,
								0.71875,
								0.84375,
								0.8125,
								0.71875,
								0.875,
								0.53125,
								0.875,
								0.15625,
								0.78125,
								0.03125,
								0.6875,
								0,
								0.65625,
								0.0625,
								0.21875,
								0.09375,
								0.1875,
								0.53125,
								0.125,
								0.71875,
								0.125
							]
						},
						"useCollisionPoly": true,
						"duration": 1,
						"tag": ""
					}
				],
				"sid": 664389775407455,
				"name": "bullet-pew-pew",
				"isLooping": true,
				"isPingPong": false,
				"repeatCount": 1,
				"repeatTo": 0,
				"speed": 5
			}
		],
		"subfolders": []
	}
}