{
	"name": "Side_enemy",
	"plugin-id": "Sprite",
	"sid": 859780073769188,
	"isGlobal": false,
	"editorNewInstanceIsReplica": true,
	"instanceVariables": [],
	"behaviorTypes": [
		{
			"behaviorId": "Platform",
			"name": "Platform",
			"sid": 427182803499994
		}
	],
	"effectTypes": [],
	"animations": {
		"items": [
			{
				"frames": [
					{
						"width": 45,
						"height": 90,
						"originX": 0.4444444444444444,
						"originY": 0.41354642313546414,
						"originalSource": "",
						"exportFormat": "lossless",
						"exportQuality": 0.8,
						"fileType": "image/png",
						"imageSpriteId": 9331577,
						"collisionPoly": {
							"points": [
								1,
								0.9843226788432268,
								0,
								0.9843226788432268,
								0,
								0,
								0.9973681369432534,
								0
							]
						},
						"useCollisionPoly": true,
						"imagePoints": [
							{
								"name": "Image Point 1",
								"x": -4.5476190476190474,
								"y": 0.4455098934550989
							}
						],
						"duration": 1,
						"tag": ""
					},
					{
						"width": 46,
						"height": 89,
						"originX": 0.43478260869565216,
						"originY": 0.48314606741573035,
						"originalSource": "",
						"exportFormat": "lossless",
						"exportQuality": 0.8,
						"fileType": "image/png",
						"imageSpriteId": 1142889,
						"collisionPoly": {
							"points": [
								0.8478260869565217,
								0.02247191011235955,
								0.9565217391304348,
								0.12359550561797751,
								0.9782608695652174,
								0.6966292134831461,
								0.7173913043478259,
								0.9887640449438202,
								0.10869565217391312,
								0.9887640449438202,
								0.021739130434782532,
								0.10112359550561797,
								0.1521739130434782,
								0.02247191011235955,
								0.7173913043478259,
								0.011235955056179775
							]
						},
						"useCollisionPoly": true,
						"duration": 1,
						"tag": ""
					}
				],
				"sid": 569555257606997,
				"name": "andar",
				"isLooping": true,
				"isPingPong": false,
				"repeatCount": 1,
				"repeatTo": 0,
				"speed": 2
			}
		],
		"subfolders": []
	}
}