{
	"name": "spikeguy",
	"plugin-id": "Sprite",
	"sid": 823294492407946,
	"isGlobal": false,
	"editorNewInstanceIsReplica": true,
	"instanceVariables": [],
	"behaviorTypes": [
		{
			"behaviorId": "Platform",
			"name": "Platform",
			"sid": 876325542299331
		}
	],
	"effectTypes": [],
	"animations": {
		"items": [
			{
				"frames": [
					{
						"width": 90,
						"height": 90,
						"originX": 0.5,
						"originY": 0.5,
						"originalSource": "",
						"exportFormat": "lossless",
						"exportQuality": 0.8,
						"fileType": "image/png",
						"imageSpriteId": 455035,
						"collisionPoly": {
							"points": [
								0.6666666666666667,
								0.1111111111111111,
								0.7888888888888889,
								0.2222222222222222,
								0.6666666666666667,
								0.8555555555555555,
								0.47777777777777775,
								0.9444444444444444,
								0.30000000000000004,
								0.9444444444444444,
								0.1333333333333333,
								0.9222222222222223,
								0.07777777777777772,
								0.8777777777777778,
								0.033333333333333326,
								0.8111111111111111,
								0.022222222222222254,
								0.7,
								0.033333333333333326,
								0.6444444444444445,
								0.3666666666666667,
								0.14444444444444443,
								0.4444444444444444,
								0.1111111111111111,
								0.5333333333333333,
								0.08888888888888889
							]
						},
						"useCollisionPoly": true,
						"duration": 1,
						"tag": ""
					},
					{
						"width": 90,
						"height": 90,
						"originX": 0.5,
						"originY": 0.5,
						"originalSource": "",
						"exportFormat": "lossless",
						"exportQuality": 0.8,
						"fileType": "image/png",
						"imageSpriteId": 5458181,
						"collisionPoly": {
							"points": [
								0.6666666666666667,
								0.13333333333333333,
								0.7888888888888889,
								0.24444444444444444,
								0.6666666666666667,
								0.8555555555555555,
								0.47777777777777775,
								0.9444444444444444,
								0.30000000000000004,
								0.9444444444444444,
								0.1333333333333333,
								0.9222222222222223,
								0.09999999999999998,
								0.9,
								0.033333333333333326,
								0.8333333333333334,
								0.011111111111111072,
								0.7888888888888889,
								0.3666666666666667,
								0.16666666666666666,
								0.4444444444444444,
								0.13333333333333333,
								0.5333333333333333,
								0.1111111111111111
							]
						},
						"useCollisionPoly": true,
						"duration": 1,
						"tag": ""
					}
				],
				"sid": 350654277373824,
				"name": "walk-spike",
				"isLooping": true,
				"isPingPong": false,
				"repeatCount": 1,
				"repeatTo": 0,
				"speed": 2
			}
		],
		"subfolders": []
	}
}