{
	"name": "ground",
	"plugin-id": "NinePatch",
	"sid": 958112180677095,
	"isGlobal": false,
	"editorNewInstanceIsReplica": true,
	"instanceVariables": [],
	"behaviorTypes": [
		{
			"behaviorId": "solid",
			"name": "Solid",
			"sid": 654550587361721
		}
	],
	"effectTypes": [],
	"image": {
		"width": 34,
		"height": 34,
		"originX": 0.5,
		"originY": 0.5,
		"originalSource": "",
		"exportFormat": "lossless",
		"exportQuality": 0.8,
		"fileType": "image/png",
		"imageSpriteId": 9436807,
		"useCollisionPoly": true,
		"tag": ""
	}
}