{
	"name": "btnCredits",
	"plugin-id": "Sprite",
	"sid": 365652886200583,
	"isGlobal": false,
	"editorNewInstanceIsReplica": true,
	"instanceVariables": [],
	"behaviorTypes": [],
	"effectTypes": [],
	"animations": {
		"items": [
			{
				"frames": [
					{
						"width": 192,
						"height": 51,
						"originX": 0.5,
						"originY": 0.5,
						"originalSource": "",
						"exportFormat": "lossless",
						"exportQuality": 0.8,
						"fileType": "image/png",
						"imageSpriteId": 1491041,
						"collisionPoly": {
							"points": [
								0.020833333333333332,
								0.0196078431372549,
								0.9947916666666666,
								0.058823529411764705,
								0.9947916666666666,
								0.9215686274509803,
								0.984375,
								0.9803921568627451,
								0.015625,
								0.9803921568627451,
								0.005208333333333333,
								0.9411764705882353
							]
						},
						"useCollisionPoly": true,
						"duration": 1,
						"tag": ""
					}
				],
				"sid": 229346849772155,
				"name": "Animation 1",
				"isLooping": false,
				"isPingPong": false,
				"repeatCount": 1,
				"repeatTo": 0,
				"speed": 5
			}
		],
		"subfolders": []
	}
}