{
	"name": "CreditsLayout",
	"layers": [
		{
			"name": "Layer 0",
			"overriden": 0,
			"subLayers": [],
			"instances": [
				{
					"type": "FondoHomeScreen",
					"properties": {
						"initially-visible": true,
						"initial-animation": "Animation 1",
						"initial-frame": 0,
						"enable-collisions": false,
						"live-preview": false
					},
					"uid": 13,
					"sid": 347199929869195,
					"tags": "",
					"instanceVariables": {},
					"behaviors": {},
					"instanceFolderItem": {
						"sid": 347199929869195,
						"expanded": true
					},
					"showing": true,
					"locked": false,
					"world": {
						"x": 960,
						"y": 540,
						"width": 1967.657011627362,
						"height": 1106.807069040391,
						"originX": 0.5,
						"originY": 0.5,
						"color": [
							1,
							1,
							1,
							1
						],
						"angle": 0,
						"zElevation": 0
					}
				},
				{
					"type": "CreditsLayer",
					"properties": {
						"left-margin": 16,
						"right-margin": 16,
						"top-margin": 16,
						"bottom-margin": 16,
						"edges": "stretch",
						"fill": "stretch",
						"image-scale-x": 1,
						"image-scale-y": 1,
						"initially-visible": true,
						"origin": "top-left",
						"seams": "overlap"
					},
					"uid": 14,
					"sid": 255013853109079,
					"tags": "",
					"instanceVariables": {},
					"behaviors": {},
					"instanceFolderItem": {
						"sid": 255013853109079,
						"expanded": true
					},
					"showing": true,
					"locked": false,
					"world": {
						"x": 543,
						"y": 112,
						"width": 834.0927242017949,
						"height": 717.2943518630352,
						"originX": 0,
						"originY": 0,
						"color": [
							1,
							1,
							1,
							1
						],
						"angle": 0,
						"zElevation": 0
					}
				},
				{
					"type": "TextCredits2",
					"properties": {
						"text": "Productor: Lucas\n\nProgramación: Carlos y Jorge\n\nArte: Victoria\n\nDiseño: Alejandra\n\nAudio: Daniel",
						"enable-bbcode": true,
						"font": "Arial",
						"size": 36,
						"line-height": 0,
						"bold": false,
						"italic": false,
						"color": [
							0,
							0,
							0,
							1
						],
						"horizontal-alignment": "center",
						"vertical-alignment": "center",
						"wrapping": "word",
						"text-direction": "ltr",
						"icon-set": -1,
						"initially-visible": true,
						"origin": "top-left",
						"read-aloud": false
					},
					"uid": 15,
					"sid": 866022744938936,
					"tags": "",
					"instanceVariables": {},
					"behaviors": {},
					"instanceFolderItem": {
						"sid": 866022744938936,
						"expanded": true
					},
					"showing": true,
					"locked": false,
					"world": {
						"x": 545,
						"y": 120,
						"width": 831,
						"height": 712,
						"originX": 0,
						"originY": 0,
						"color": [
							1,
							1,
							1,
							1
						],
						"angle": 0,
						"zElevation": 0
					}
				},
				{
					"type": "btnGoBack",
					"properties": {
						"initially-visible": true,
						"initial-animation": "Animation 1",
						"initial-frame": 0,
						"enable-collisions": true,
						"live-preview": false
					},
					"uid": 16,
					"sid": 847801329493091,
					"tags": "",
					"instanceVariables": {},
					"behaviors": {},
					"instanceFolderItem": {
						"sid": 847801329493091,
						"expanded": true
					},
					"showing": true,
					"locked": false,
					"world": {
						"x": 968,
						"y": 978,
						"width": 474.7358939999999,
						"height": 126.10172199999998,
						"originX": 0.5,
						"originY": 0.5,
						"color": [
							1,
							1,
							1,
							1
						],
						"angle": 0,
						"zElevation": 0
					}
				},
				{
					"type": "TextGoBack",
					"properties": {
						"text": "ATRÁS",
						"enable-bbcode": true,
						"font": "fantasy",
						"size": 32,
						"line-height": 0,
						"bold": false,
						"italic": false,
						"color": [
							0,
							0,
							0,
							1
						],
						"horizontal-alignment": "left",
						"vertical-alignment": "top",
						"wrapping": "word",
						"text-direction": "ltr",
						"icon-set": -1,
						"initially-visible": true,
						"origin": "top-left",
						"read-aloud": false
					},
					"uid": 17,
					"sid": 426757512060261,
					"tags": "",
					"instanceVariables": {},
					"behaviors": {},
					"instanceFolderItem": {
						"sid": 426757512060261,
						"expanded": true
					},
					"showing": true,
					"locked": false,
					"world": {
						"x": 910,
						"y": 947,
						"width": 112.196034,
						"height": 49.348689,
						"originX": 0,
						"originY": 0,
						"color": [
							1,
							1,
							1,
							1
						],
						"angle": 0,
						"zElevation": 0
					}
				}
			],
			"sid": 187790626466506,
			"effectTypes": [],
			"isInitiallyVisible": true,
			"isInitiallyInteractive": true,
			"isHTMLElementsLayer": false,
			"color": [
				1,
				1,
				1,
				1
			],
			"backgroundColor": [
				1,
				1,
				1,
				1
			],
			"isTransparent": false,
			"parallaxX": 1,
			"parallaxY": 1,
			"scaleRate": 1,
			"forceOwnTexture": false,
			"renderingMode": "3d",
			"drawOrder": "z-order",
			"useRenderCells": false,
			"blendMode": "normal",
			"zElevation": 0,
			"global": false
		}
	],
	"scene-graphs-folder-root": {
		"items": [],
		"subfolders": []
	},
	"sid": 898691006712764,
	"nonworld-instances": [],
	"effectTypes": [],
	"width": 3840,
	"height": 2160,
	"unboundedScrolling": false,
	"vpX": 0.5,
	"vpY": 0.5,
	"projection": "perspective",
	"eventSheet": "CreditsES"
}