{
	"name": "DP",
	"plugin-id": "Sprite",
	"sid": 948898426755697,
	"isGlobal": false,
	"editorNewInstanceIsReplica": true,
	"instanceVariables": [],
	"behaviorTypes": [
		{
			"behaviorId": "Platform",
			"name": "Platform",
			"sid": 949990189463587
		},
		{
			"behaviorId": "scrollto",
			"name": "ScrollTo",
			"sid": 180617306591827
		},
		{
			"behaviorId": "Bullet",
			"name": "Bullet",
			"sid": 428114342308971
		},
		{
			"behaviorId": "bound",
			"name": "BoundToLayout",
			"sid": 368833207472950
		},
		{
			"behaviorId": "Timer",
			"name": "Timer",
			"sid": 859683401461465
		}
	],
	"effectTypes": [],
	"animations": {
		"items": [
			{
				"frames": [
					{
						"width": 64,
						"height": 64,
						"originX": 0.5,
						"originY": 0.5,
						"originalSource": "",
						"exportFormat": "lossless",
						"exportQuality": 0.8,
						"fileType": "image/png",
						"imageSpriteId": 8522984,
						"collisionPoly": {
							"points": [
								0.671875,
								0.03125,
								0.71875,
								0.09375,
								0.78125,
								0.78125,
								0.734375,
								1,
								0.328125,
								1,
								0.109375,
								0.171875,
								0.15625,
								0
							]
						},
						"useCollisionPoly": true,
						"duration": 1,
						"tag": ""
					}
				],
				"sid": 777499639687273,
				"name": "dp-stand",
				"isLooping": false,
				"isPingPong": false,
				"repeatCount": 1,
				"repeatTo": 0,
				"speed": 5
			},
			{
				"frames": [
					{
						"width": 64,
						"height": 64,
						"originX": 0.47878787878787876,
						"originY": 0.5384615384615384,
						"originalSource": "",
						"exportFormat": "lossless",
						"exportQuality": 0.8,
						"fileType": "image/png",
						"imageSpriteId": 5307696,
						"collisionPoly": {
							"points": [
								1,
								1,
								0,
								1,
								0,
								0.004273504273504274,
								1,
								0.004273504273504274
							]
						},
						"useCollisionPoly": true,
						"imagePoints": [
							{
								"name": "Image Point 1",
								"x": -0.5212121212121212,
								"y": 0.49572649572649574
							},
							{
								"name": "Image Point 2",
								"x": 0.48484848484848486,
								"y": -0.5256410256410257
							},
							{
								"name": "Image Point 3",
								"x": 0.49696969696969695,
								"y": 1.564102564102564
							}
						],
						"duration": 1,
						"tag": ""
					}
				],
				"sid": 627414537394003,
				"name": "dp-jump",
				"isLooping": false,
				"isPingPong": false,
				"repeatCount": 1,
				"repeatTo": 0,
				"speed": 5
			},
			{
				"frames": [
					{
						"width": 64,
						"height": 64,
						"originX": 0.5,
						"originY": 0.5,
						"originalSource": "",
						"exportFormat": "lossless",
						"exportQuality": 0.8,
						"fileType": "image/png",
						"imageSpriteId": 6186347,
						"collisionPoly": {
							"points": [
								0.671875,
								0.03125,
								0.71875,
								0.09375,
								0.78125,
								0.78125,
								0.734375,
								1,
								0.328125,
								1,
								0.109375,
								0.171875,
								0.15625,
								0
							]
						},
						"useCollisionPoly": true,
						"duration": 1,
						"tag": ""
					},
					{
						"width": 64,
						"height": 64,
						"originX": 0.5,
						"originY": 0.5,
						"originalSource": "",
						"exportFormat": "lossless",
						"exportQuality": 0.8,
						"fileType": "image/png",
						"imageSpriteId": 8012346,
						"collisionPoly": {
							"points": [
								0.671875,
								0.046875,
								0.71875,
								0.109375,
								0.78125,
								0.796875,
								0.734375,
								1,
								0.328125,
								1,
								0.109375,
								0.1875,
								0.15625,
								0.015625
							]
						},
						"useCollisionPoly": true,
						"duration": 1,
						"tag": ""
					},
					{
						"width": 64,
						"height": 64,
						"originX": 0.5,
						"originY": 0.5,
						"originalSource": "",
						"exportFormat": "lossless",
						"exportQuality": 0.8,
						"fileType": "image/png",
						"imageSpriteId": 79450,
						"collisionPoly": {
							"points": [
								0.671875,
								0.046875,
								0.71875,
								0.109375,
								0.78125,
								0.78125,
								0.734375,
								1,
								0.328125,
								1,
								0.109375,
								0.1875,
								0.15625,
								0.015625
							]
						},
						"useCollisionPoly": true,
						"duration": 1,
						"tag": ""
					},
					{
						"width": 64,
						"height": 64,
						"originX": 0.5,
						"originY": 0.5,
						"originalSource": "",
						"exportFormat": "lossless",
						"exportQuality": 0.8,
						"fileType": "image/png",
						"imageSpriteId": 9659019,
						"collisionPoly": {
							"points": [
								0.671875,
								0.03125,
								0.71875,
								0.09375,
								0.78125,
								0.78125,
								0.734375,
								1,
								0.328125,
								1,
								0.109375,
								0.171875,
								0.15625,
								0
							]
						},
						"useCollisionPoly": true,
						"duration": 1,
						"tag": ""
					}
				],
				"sid": 160085079985644,
				"name": "dp-idle",
				"isLooping": true,
				"isPingPong": false,
				"repeatCount": 1,
				"repeatTo": 0,
				"speed": 3
			},
			{
				"frames": [
					{
						"width": 64,
						"height": 64,
						"originX": 0.5,
						"originY": 0.5,
						"originalSource": "",
						"exportFormat": "lossless",
						"exportQuality": 0.8,
						"fileType": "image/png",
						"imageSpriteId": 9103872,
						"collisionPoly": {
							"points": [
								0.7589285714285716,
								0,
								0.765624931880406,
								1,
								0.09263389451163154,
								0.9966517857142856,
								0.09374993188040594,
								0
							]
						},
						"useCollisionPoly": true,
						"duration": 1,
						"tag": ""
					},
					{
						"width": 64,
						"height": 64,
						"originX": 0.5,
						"originY": 0.5,
						"originalSource": "",
						"exportFormat": "lossless",
						"exportQuality": 0.8,
						"fileType": "image/png",
						"imageSpriteId": 639923,
						"collisionPoly": {
							"points": [
								0.7868303571428571,
								0,
								0.8158482142857144,
								1,
								0.2064733164651054,
								1,
								0.19977678571428562,
								0
							]
						},
						"useCollisionPoly": true,
						"duration": 1,
						"tag": ""
					},
					{
						"width": 64,
						"height": 64,
						"originX": 0.5,
						"originY": 0.5,
						"originalSource": "",
						"exportFormat": "lossless",
						"exportQuality": 0.8,
						"fileType": "image/png",
						"imageSpriteId": 2426720,
						"collisionPoly": {
							"points": [
								0.7823660714285715,
								0,
								0.7633928571428572,
								1,
								0.23883931977408257,
								1,
								0.23102671759469162,
								0
							]
						},
						"useCollisionPoly": true,
						"duration": 1,
						"tag": ""
					},
					{
						"width": 64,
						"height": 64,
						"originX": 0.5,
						"originY": 0.5,
						"originalSource": "",
						"exportFormat": "lossless",
						"exportQuality": 0.8,
						"fileType": "image/png",
						"imageSpriteId": 369320,
						"collisionPoly": {
							"points": [
								0.71875,
								1,
								0.12611610548836857,
								1,
								0.125,
								0,
								0.7299107142857144,
								0
							]
						},
						"useCollisionPoly": true,
						"duration": 1,
						"tag": ""
					}
				],
				"sid": 811055575660307,
				"name": "dp-walk",
				"isLooping": true,
				"isPingPong": false,
				"repeatCount": 1,
				"repeatTo": 0,
				"speed": 2
			},
			{
				"frames": [
					{
						"width": 128,
						"height": 64,
						"originX": 0.5,
						"originY": 0.5,
						"originalSource": "",
						"exportFormat": "lossless",
						"exportQuality": 0.8,
						"fileType": "image/png",
						"imageSpriteId": 7589726,
						"collisionPoly": {
							"points": [
								0.265625,
								0.03125,
								0.4765625,
								0.03125,
								0.609375,
								0.15625,
								0.7734375,
								0.75,
								0.7734375,
								0.796875,
								0.6484375,
								1,
								0.3359375,
								1,
								0.1484375,
								0.484375,
								0.1328125,
								0.375
							]
						},
						"useCollisionPoly": true,
						"duration": 1,
						"tag": ""
					}
				],
				"sid": 599487436945097,
				"name": "dp-slash-lateral",
				"isLooping": false,
				"isPingPong": false,
				"repeatCount": 1,
				"repeatTo": 0,
				"speed": 5
			},
			{
				"frames": [
					{
						"width": 90,
						"height": 90,
						"originX": 0.5,
						"originY": 0.5,
						"originalSource": "",
						"exportFormat": "lossless",
						"exportQuality": 0.8,
						"fileType": "image/png",
						"imageSpriteId": 5646889,
						"collisionPoly": {
							"points": [
								0.022222222222222223,
								0.26666666666666666,
								0.5888888888888889,
								0.3111111111111111,
								0.6444444444444445,
								0.32222222222222224,
								0.8666666666666667,
								0.43333333333333335,
								0.9111111111111111,
								0.4666666666666667,
								1,
								0.6222222222222222,
								0.8333333333333334,
								0.8666666666666667,
								0.7888888888888889,
								0.8888888888888888,
								0.4444444444444444,
								1,
								0.13333333333333333,
								1
							]
						},
						"useCollisionPoly": true,
						"duration": 1,
						"tag": ""
					}
				],
				"sid": 504255624844359,
				"name": "dp-slash-up",
				"isLooping": false,
				"isPingPong": false,
				"repeatCount": 1,
				"repeatTo": 0,
				"speed": 5
			},
			{
				"frames": [
					{
						"width": 90,
						"height": 90,
						"originX": 0.5,
						"originY": 0.5,
						"originalSource": "",
						"exportFormat": "lossless",
						"exportQuality": 0.8,
						"fileType": "image/png",
						"imageSpriteId": 3401144,
						"collisionPoly": {
							"points": [
								0.32222222222222224,
								0.011111111111111112,
								0.6111111111111112,
								0.022222222222222223,
								0.7,
								0.1111111111111111,
								0.8,
								0.3888888888888889,
								0.8,
								0.43333333333333335,
								0.5444444444444444,
								0.8555555555555555,
								0.4666666666666667,
								0.9333333333333333,
								0.14444444444444443,
								0.9333333333333333,
								0.06666666666666667,
								0.8555555555555555,
								0.022222222222222223,
								0.7888888888888889,
								0.022222222222222223,
								0.6111111111111112
							]
						},
						"useCollisionPoly": true,
						"duration": 1,
						"tag": ""
					}
				],
				"sid": 324560807761418,
				"name": "dp-slash-down",
				"isLooping": false,
				"isPingPong": false,
				"repeatCount": 1,
				"repeatTo": 0,
				"speed": 5
			}
		],
		"subfolders": []
	}
}