{
	"name": "ShootyLilGuy",
	"plugin-id": "Sprite",
	"sid": 747383331676144,
	"isGlobal": false,
	"editorNewInstanceIsReplica": true,
	"instanceVariables": [],
	"behaviorTypes": [
		{
			"behaviorId": "LOS",
			"name": "LineOfSight",
			"sid": 916367172842361
		},
		{
			"behaviorId": "Platform",
			"name": "Platform",
			"sid": 653207032034641
		}
	],
	"effectTypes": [],
	"animations": {
		"items": [
			{
				"frames": [
					{
						"width": 90,
						"height": 90,
						"originX": 0.5,
						"originY": 0.5,
						"originalSource": "",
						"exportFormat": "lossless",
						"exportQuality": 0.8,
						"fileType": "image/png",
						"imageSpriteId": 4917250,
						"collisionPoly": {
							"points": [
								0.4444444444444444,
								0.03333333333333333,
								0.5888888888888889,
								0.03333333333333333,
								0.6666666666666666,
								0.05555555555555555,
								0.7111111111111111,
								0.07777777777777778,
								0.7444444444444445,
								0.1111111111111111,
								0.7666666666666667,
								0.15555555555555556,
								0.9777777777777777,
								1,
								0.18888888888888888,
								0.9777777777777777,
								0.3,
								0.16666666666666666,
								0.32222222222222224,
								0.12222222222222222,
								0.37777777777777777,
								0.06666666666666667
							]
						},
						"useCollisionPoly": true,
						"imagePoints": [
							{
								"name": "Image Point 1",
								"x": 0.164,
								"y": 0.22
							},
							{
								"name": "Image Point 2",
								"x": -0.748,
								"y": 0.472
							}
						],
						"duration": 1,
						"tag": ""
					},
					{
						"width": 90,
						"height": 90,
						"originX": 0.5,
						"originY": 0.5,
						"originalSource": "",
						"exportFormat": "lossless",
						"exportQuality": 0.8,
						"fileType": "image/png",
						"imageSpriteId": 9673296,
						"collisionPoly": {
							"points": [
								0.4444444444444444,
								0.03333333333333333,
								0.5888888888888889,
								0.03333333333333333,
								0.6666666666666666,
								0.05555555555555555,
								0.7111111111111111,
								0.07777777777777778,
								0.7444444444444445,
								0.1111111111111111,
								0.7666666666666667,
								0.15555555555555556,
								0.9777777777777777,
								1,
								0.18888888888888888,
								0.9777777777777777,
								0.3,
								0.16666666666666666,
								0.32222222222222224,
								0.12222222222222222,
								0.37777777777777777,
								0.06666666666666667
							]
						},
						"useCollisionPoly": true,
						"duration": 1,
						"tag": ""
					},
					{
						"width": 90,
						"height": 90,
						"originX": 0.5,
						"originY": 0.5,
						"originalSource": "",
						"exportFormat": "lossless",
						"exportQuality": 0.8,
						"fileType": "image/png",
						"imageSpriteId": 4417051,
						"collisionPoly": {
							"points": [
								0.4777777777777778,
								0.03333333333333333,
								0.6222222222222222,
								0.03333333333333333,
								0.7,
								0.05555555555555555,
								0.7444444444444445,
								0.07777777777777778,
								0.7777777777777778,
								0.1111111111111111,
								0.8111111111111111,
								0.18888888888888888,
								0.9777777777777777,
								1,
								0.18888888888888888,
								0.9777777777777777,
								0.3333333333333333,
								0.16666666666666666,
								0.35555555555555557,
								0.12222222222222222,
								0.4111111111111111,
								0.06666666666666667
							]
						},
						"useCollisionPoly": true,
						"duration": 1,
						"tag": ""
					},
					{
						"width": 90,
						"height": 90,
						"originX": 0.5,
						"originY": 0.5,
						"originalSource": "",
						"exportFormat": "lossless",
						"exportQuality": 0.8,
						"fileType": "image/png",
						"imageSpriteId": 5093287,
						"collisionPoly": {
							"points": [
								0.5,
								0.03333333333333333,
								0.6444444444444445,
								0.03333333333333333,
								0.7222222222222222,
								0.05555555555555555,
								0.7666666666666667,
								0.07777777777777778,
								0.8,
								0.1111111111111111,
								0.8333333333333334,
								0.18888888888888888,
								0.9777777777777777,
								1,
								0.18888888888888888,
								0.9777777777777777,
								0.35555555555555557,
								0.16666666666666666,
								0.37777777777777777,
								0.12222222222222222,
								0.43333333333333335,
								0.06666666666666667
							]
						},
						"useCollisionPoly": true,
						"duration": 1,
						"tag": ""
					},
					{
						"width": 90,
						"height": 90,
						"originX": 0.5,
						"originY": 0.5,
						"originalSource": "",
						"exportFormat": "lossless",
						"exportQuality": 0.8,
						"fileType": "image/png",
						"imageSpriteId": 7706996,
						"collisionPoly": {
							"points": [
								0.4,
								0.03333333333333333,
								0.5444444444444444,
								0.03333333333333333,
								0.6222222222222222,
								0.05555555555555555,
								0.6666666666666666,
								0.07777777777777778,
								0.7,
								0.1111111111111111,
								0.7222222222222222,
								0.15555555555555556,
								0.9777777777777777,
								1,
								0.18888888888888888,
								1,
								0.25555555555555554,
								0.16666666666666666,
								0.2777777777777778,
								0.12222222222222222,
								0.3333333333333333,
								0.06666666666666667
							]
						},
						"useCollisionPoly": true,
						"duration": 1,
						"tag": ""
					}
				],
				"sid": 788557808695727,
				"name": "disparo",
				"isLooping": false,
				"isPingPong": false,
				"repeatCount": 1,
				"repeatTo": 0,
				"speed": 2
			},
			{
				"frames": [
					{
						"width": 90,
						"height": 90,
						"originX": 0.5,
						"originY": 0.5,
						"originalSource": "",
						"exportFormat": "lossless",
						"exportQuality": 0.8,
						"fileType": "image/png",
						"imageSpriteId": 6980689,
						"collisionPoly": {
							"points": [
								0.4444444444444444,
								0.03333333333333333,
								0.5888888888888889,
								0.03333333333333333,
								0.6666666666666666,
								0.05555555555555555,
								0.7111111111111111,
								0.07777777777777778,
								0.7444444444444445,
								0.1111111111111111,
								0.7666666666666667,
								0.15555555555555556,
								0.9777777777777777,
								1,
								0.18888888888888888,
								0.9777777777777777,
								0.3,
								0.16666666666666666,
								0.32222222222222224,
								0.12222222222222222,
								0.37777777777777777,
								0.06666666666666667
							]
						},
						"useCollisionPoly": true,
						"duration": 1,
						"tag": ""
					}
				],
				"sid": 127366109259041,
				"name": "stand",
				"isLooping": false,
				"isPingPong": false,
				"repeatCount": 1,
				"repeatTo": 0,
				"speed": 0
			}
		],
		"subfolders": []
	}
}