{
	"name": "Side_enemy",
	"plugin-id": "Sprite",
	"sid": 859780073769188,
	"isGlobal": false,
	"editorNewInstanceIsReplica": true,
	"instanceVariables": [],
	"behaviorTypes": [
		{
			"behaviorId": "Platform",
			"name": "Platform",
			"sid": 427182803499994
		}
	],
	"effectTypes": [],
	"animations": {
		"items": [
			{
				"frames": [
					{
						"width": 90,
						"height": 90,
						"originX": 0.5,
						"originY": 0.42465753424657526,
						"originalSource": "",
						"exportFormat": "lossless",
						"exportQuality": 0.8,
						"fileType": "image/png",
						"imageSpriteId": 7466050,
						"collisionPoly": {
							"points": [
								0.996031746031746,
								0.9954337899543378,
								0.003968253968253954,
								0.9954337899543378,
								0.003968253968253954,
								0,
								0.996031746031746,
								0
							]
						},
						"useCollisionPoly": true,
						"imagePoints": [
							{
								"name": "Image Point 1",
								"x": -1.996031746031746,
								"y": 0.45662100456621
							}
						],
						"duration": 1,
						"tag": ""
					},
					{
						"width": 90,
						"height": 90,
						"originX": 0.5,
						"originY": 0.5,
						"originalSource": "",
						"exportFormat": "lossless",
						"exportQuality": 0.8,
						"fileType": "image/png",
						"imageSpriteId": 7087257,
						"collisionPoly": {
							"points": [
								0.7111111111111111,
								0.044444444444444446,
								0.7666666666666666,
								0.14444444444444443,
								0.7777777777777778,
								0.7111111111111111,
								0.6444444444444444,
								1,
								0.33333333333333337,
								1,
								0.28888888888888886,
								0.12222222222222222,
								0.3555555555555555,
								0.044444444444444446,
								0.6444444444444444,
								0.03333333333333333
							]
						},
						"useCollisionPoly": true,
						"duration": 1,
						"tag": ""
					}
				],
				"sid": 569555257606997,
				"name": "andar",
				"isLooping": true,
				"isPingPong": false,
				"repeatCount": 1,
				"repeatTo": 0,
				"speed": 2
			}
		],
		"subfolders": []
	}
}