{
	"name": "spike",
	"plugin-id": "NinePatch",
	"sid": 168033193011878,
	"isGlobal": false,
	"editorNewInstanceIsReplica": true,
	"instanceVariables": [],
	"behaviorTypes": [
		{
			"behaviorId": "solid",
			"name": "Solid",
			"sid": 288281237067897
		}
	],
	"effectTypes": [],
	"image": {
		"width": 64,
		"height": 64,
		"originX": 0.5,
		"originY": 0.5,
		"originalSource": "",
		"exportFormat": "lossless",
		"exportQuality": 0.8,
		"fileType": "image/png",
		"imageSpriteId": 6429658,
		"useCollisionPoly": true,
		"tag": ""
	}
}