{
	"name": "columnaMovil",
	"plugin-id": "Sprite",
	"sid": 497255988729609,
	"isGlobal": false,
	"editorNewInstanceIsReplica": true,
	"instanceVariables": [
		{
			"name": "Y_onTop",
			"type": "number",
			"desc": "",
			"show": true,
			"sid": 733975839584542
		},
		{
			"name": "Y_onBottom",
			"type": "number",
			"desc": "",
			"show": true,
			"sid": 431364393990467
		}
	],
	"behaviorTypes": [
		{
			"behaviorId": "Tween",
			"name": "Tween",
			"sid": 132199968911200
		},
		{
			"behaviorId": "solid",
			"name": "Sólido",
			"sid": 461218768046616
		}
	],
	"effectTypes": [],
	"animations": {
		"items": [
			{
				"frames": [
					{
						"width": 32,
						"height": 32,
						"originX": 0.5,
						"originY": 1,
						"originalSource": "",
						"exportFormat": "lossless",
						"exportQuality": 0.8,
						"fileType": "image/png",
						"imageSpriteId": 1645664,
						"useCollisionPoly": true,
						"duration": 1,
						"tag": ""
					}
				],
				"sid": 291202520351771,
				"name": "Animation 1",
				"isLooping": false,
				"isPingPong": false,
				"repeatCount": 1,
				"repeatTo": 0,
				"speed": 5
			}
		],
		"subfolders": []
	}
}